code,deb_sem,abon,abv,abz,ahh,ajb,ambl,ants,atb,bel,bela,bhk,boe,bos,cda,die,diri,dona,dri,ejd,far,fito,fns,iho,mae,mand,mdv,mhj,mia,miad,mjr,mnj,mnld,mora,mrb,mrg,mrt,mtn,nsb,samp,sbv,snam,stm,tanb,tdd,tgr,tlr,toa,tomp,tsar,tsim,tsl,velo,vink,vola
2016_22,16951,,,0,0,0,0,0,3,0,0,,,0,0,0,,0,,0,,0,0,,2,0,0,,,,0,0,,,0,0,,,,,0,0,,0,1,0,1,0,0,,,1,0,,0
2016_21,16944,,0,0,0,0,0,0,3,0,1,,1,1,1,0,0,0,1,0,1,0,0,0,3,0,0,1,0,0,0,0,,0,0,0,,2,2,0,1,0,0,0,2,0,5,1,0,,,2,0,1,0
2016_20,16937,,0,0,0,0,0,0,2,0,0,,1,0,0,0,0,0,0,0,0,0,0,1,7,0,0,1,1,0,0,0,,0,0,1,1,0,1,0,1,0,0,0,0,0,1,1,0,,0,3,0,0,0
2016_19,16930,,0,0,1,0,0,0,3,1,2,0,1,2,3,1,0,0,1,1,1,0,0,0,8,0,1,1,3,0,1,0,,0,0,1,0,1,0,1,2,0,0,0,7,0,4,0,0,,0,0,0,0,0
2016_18,16923,,,0,0,0,0,0,1,0,2,0,2,0,1,0,0,0,0,0,4,0,1,0,5,0,0,1,3,0,0,0,,0,0,0,0,2,1,1,0,0,1,0,0,0,2,0,0,0,0,0,0,0,0
2016_17,16916,,0,0,0,0,0,1,1,2,5,0,2,3,1,0,1,0,0,1,2,0,0,2,18,0,3,3,3,0,0,0,,0,0,0,0,0,2,0,0,0,4,0,0,0,5,0,0,0,0,0,1,0,0
2016_16,16909,,0,0,1,0,0,0,4,3,0,0,0,1,1,0,0,0,2,0,4,0,0,1,20,0,0,0,2,0,0,0,,0,0,1,0,0,4,0,1,1,0,0,0,0,6,1,0,0,0,1,0,0,0
2016_15,16902,,0,0,1,0,0,0,1,5,0,0,4,0,1,0,0,0,0,1,4,0,0,0,31,0,0,3,3,0,0,0,1,0,1,1,1,0,1,0,0,0,1,0,0,0,3,2,0,0,0,0,0,0,0
2016_14,16895,0,0,0,0,0,0,0,3,0,,0,6,0,10,0,0,0,3,0,1,0,0,0,13,1,3,0,8,0,0,0,0,0,1,1,1,4,6,0,0,0,1,0,1,1,6,0,0,0,1,0,1,0,0
2016_13,16888,0,0,0,0,0,0,1,3,0,,0,0,1,2,0,0,0,0,0,3,0,0,0,6,0,0,0,1,0,1,0,0,1,0,0,1,1,0,0,0,0,1,1,3,0,3,2,0,0,1,1,0,0,0
2016_12,16881,0,,3,0,0,0,1,6,7,,0,0,1,2,7,0,0,3,0,5,0,0,1,4,0,0,1,4,0,1,0,1,0,0,3,0,0,10,0,1,1,0,2,3,0,3,2,0,0,0,1,2,0,0
2016_11,16874,1,0,2,0,0,0,0,4,3,1,0,1,0,2,2,2,0,0,0,7,0,0,0,14,0,0,1,1,0,0,0,1,0,0,0,,0,8,0,0,0,1,0,0,0,5,2,0,0,0,0,0,1,1
2016_10,16867,1,0,1,0,0,0,0,3,7,2,0,3,1,1,0,0,0,2,0,4,0,0,0,11,0,1,0,2,0,2,0,1,0,0,0,,1,12,1,0,0,0,0,1,1,2,3,0,0,0,0,0,0,0
2016_09,16860,0,0,2,0,0,0,0,2,6,0,0,0,0,3,0,0,0,1,0,3,0,0,0,6,0,2,0,5,0,2,0,0,0,0,,,1,7,0,2,1,0,0,1,0,1,5,0,0,0,1,0,0,0
2016_08,16853,0,0,0,0,0,0,0,2,7,0,0,13,2,2,2,0,0,1,1,5,0,0,1,4,0,1,1,4,0,1,0,3,0,0,0,,1,7,0,0,0,1,1,0,1,3,7,0,0,0,0,0,0,0
2016_07,16846,0,0,1,0,0,0,3,3,6,0,0,2,0,1,0,0,0,2,0,5,0,1,2,7,0,0,0,0,1,0,0,0,0,0,0,,3,7,1,0,0,1,0,4,0,0,6,0,0,0,2,0,0,0
2016_06,16839,0,0,1,1,0,0,0,3,3,0,0,0,0,0,0,0,0,1,0,5,0,0,1,10,0,0,0,1,1,1,0,0,0,0,1,2,4,0,0,3,1,1,0,0,0,0,5,0,0,0,2,0,0,0
2016_05,16832,0,0,0,1,0,0,0,0,6,0,0,0,0,2,6,0,0,0,0,10,0,0,2,15,0,0,0,4,0,1,0,0,0,0,0,1,1,4,1,2,0,0,0,3,0,3,1,0,0,0,0,0,0,0
2016_04,16825,1,0,2,1,0,0,0,1,10,0,1,0,2,0,4,0,0,0,0,3,0,0,0,15,0,0,2,5,0,0,0,1,0,0,0,1,0,3,0,0,0,1,0,6,0,3,3,0,0,0,0,0,0,0
2016_03,16818,0,0,1,0,1,0,2,4,16,0,0,1,2,0,2,0,0,1,0,3,0,0,1,20,0,0,0,2,0,0,0,1,0,0,3,3,4,3,1,1,0,2,0,1,1,1,4,0,0,0,1,0,0,0
2016_02,16811,0,,1,0,0,0,2,4,6,0,0,0,0,2,4,0,0,2,0,3,0,0,1,14,0,0,1,3,0,0,0,0,0,0,0,,1,9,0,3,1,0,0,0,0,4,2,0,0,1,2,0,0,0
2016_01,16804,0,0,4,0,0,0,1,0,2,0,0,1,0,0,0,0,0,3,0,11,0,1,0,11,0,1,0,3,0,0,0,0,0,1,5,,2,7,0,1,0,0,0,2,0,6,4,0,0,0,0,0,0,0
2015_53,16797,,0,0,,0,0,0,1,7,0,0,0,0,1,2,0,0,1,0,6,0,0,2,5,0,1,0,4,5,1,0,,0,0,0,,0,2,1,0,0,0,0,0,0,8,1,0,0,0,1,0,0,0
2015_52,16790,,0,1,2,0,0,1,1,2,0,0,0,1,2,5,0,0,1,0,15,0,0,3,8,0,0,0,1,0,0,0,,0,0,1,,0,4,0,0,2,0,0,2,0,0,0,0,0,0,0,0,0,0
2015_51,16783,,0,3,0,0,0,0,2,4,0,0,2,2,1,4,0,0,1,0,5,0,0,0,12,0,1,0,5,0,1,0,,0,2,3,3,1,8,1,0,0,0,0,6,0,5,3,0,0,1,1,2,0,0
2015_50,16776,,0,5,2,0,0,0,2,7,0,0,1,0,1,0,0,0,3,0,13,0,0,2,23,0,0,0,9,0,1,0,,0,0,4,,1,1,1,0,0,1,0,2,0,4,2,0,0,0,5,1,0,0
2015_49,16769,0,0,1,0,0,0,0,1,6,0,0,0,0,1,3,0,0,0,0,4,0,1,0,12,0,0,0,8,0,0,0,,0,2,0,,1,0,2,2,0,0,0,2,0,9,2,0,0,2,0,1,0,0
2015_48,16762,0,0,2,0,0,0,0,4,4,0,0,0,0,4,3,0,1,3,1,1,0,0,1,12,0,0,0,5,0,0,0,,0,0,1,,2,8,0,1,3,1,1,5,0,7,1,0,1,1,1,0,,0
2015_47,16755,2,0,4,,0,0,1,2,3,0,0,2,1,1,1,0,0,3,0,2,0,1,2,4,0,0,0,14,0,0,0,,0,8,2,2,4,3,1,0,1,0,1,3,1,2,1,0,0,0,2,0,0,0
2015_46,16748,1,0,4,0,0,0,0,4,5,0,0,4,0,3,0,0,0,2,0,5,0,0,1,10,0,1,0,1,0,0,0,,0,5,1,6,1,7,1,1,0,1,0,5,1,6,2,0,0,0,0,4,0,0
2015_45,16741,2,0,0,1,0,0,0,2,2,0,0,1,1,1,1,0,0,1,0,6,0,0,0,12,1,0,0,1,0,0,0,2,0,0,4,1,1,5,0,1,0,0,0,2,0,5,1,0,0,0,0,1,0,0
2015_44,16734,2,0,0,0,0,0,0,0,4,0,1,1,1,2,2,0,2,1,0,9,0,0,0,10,0,0,1,1,0,1,0,0,0,1,0,2,0,0,5,0,0,1,0,2,0,5,1,0,0,0,0,2,0,0
2015_43,16727,0,0,0,0,0,0,0,3,7,0,0,4,1,1,3,0,0,0,0,2,0,0,0,10,0,3,0,0,0,0,0,2,0,0,0,3,0,1,0,1,2,2,,2,1,4,5,0,1,0,3,2,0,0
2015_42,16720,0,0,1,0,0,0,0,0,9,0,2,2,2,4,3,0,0,0,1,2,0,0,0,19,1,0,0,1,0,0,0,1,0,0,0,6,0,1,3,2,1,0,,2,0,2,0,0,0,0,0,3,2,0
2015_41,16713,1,0,0,0,0,0,0,6,1,0,1,5,0,2,0,0,0,4,1,4,,0,2,10,0,0,0,0,0,1,0,1,0,0,3,4,0,9,0,0,1,0,,3,1,0,0,0,,0,0,0,0,0
2015_40,16706,0,0,0,0,0,0,,2,3,0,0,7,0,0,1,0,1,6,0,3,,0,0,13,0,1,0,3,0,0,0,6,0,2,2,0,0,0,2,2,0,0,,1,0,3,2,0,1,1,1,2,0,0
2015_39,16699,0,0,2,0,0,0,,2,0,0,0,12,0,1,0,0,1,3,0,1,,0,1,17,0,0,0,1,0,0,0,0,0,0,2,1,0,1,1,1,0,0,0,2,0,1,3,0,0,0,0,0,0,0
2015_38,16692,1,0,2,0,0,0,,8,1,2,0,3,1,0,2,0,1,0,0,5,,0,0,8,0,0,0,1,0,0,0,0,0,0,0,0,1,2,2,0,0,1,0,1,0,1,2,0,0,1,0,3,0,1
2015_37,16685,1,0,0,1,0,0,0,3,4,0,0,10,1,2,1,0,0,3,0,6,,1,0,11,2,0,0,1,0,1,0,0,0,0,0,2,0,0,3,4,0,0,0,2,0,2,1,0,0,0,1,0,0,0
2015_36,16678,0,0,1,0,0,0,0,1,1,0,0,5,0,2,0,0,1,1,0,4,,0,0,4,0,1,0,4,1,0,0,3,0,1,3,1,2,1,0,3,0,0,0,3,0,1,4,1,0,0,0,0,0,0
2015_35,16671,0,0,0,0,0,0,0,4,1,1,1,7,0,0,1,0,0,1,0,4,,1,2,7,0,0,0,1,0,0,0,3,0,0,1,0,1,7,1,0,0,0,1,2,1,3,1,0,1,0,0,1,0,0
2015_34,16664,2,0,0,0,0,0,1,3,0,0,3,2,0,0,0,0,0,3,1,2,,0,1,4,0,3,0,3,0,2,0,5,0,1,1,0,3,4,1,0,2,0,0,1,0,3,0,0,4,0,1,0,0,0
2015_33,16657,1,0,0,0,0,0,0,1,0,0,4,5,0,2,0,1,0,0,0,3,,0,0,6,0,0,1,3,0,0,0,8,0,0,3,0,13,10,0,2,1,0,0,2,0,2,3,0,1,0,0,0,0,0
2015_32,16650,0,0,0,2,1,0,1,1,0,0,0,11,0,1,3,0,0,0,0,0,0,0,0,9,0,1,2,2,0,0,0,7,0,0,5,2,0,3,0,0,1,0,2,1,1,2,3,0,0,0,0,0,0,0
2015_31,16643,0,0,0,1,1,0,0,2,2,0,1,1,0,1,2,0,0,1,0,5,0,0,0,3,0,8,0,1,0,0,0,8,0,0,3,0,0,2,0,1,0,0,8,1,0,0,0,0,0,1,0,2,0,1
2015_30,16636,0,0,0,2,0,0,0,1,3,0,1,2,0,0,2,0,3,1,0,0,0,0,0,0,0,0,0,0,0,0,0,0,0,0,1,0,0,0,0,0,0,0,2,1,0,1,1,0,0,0,0,3,0,0
2015_29,16629,,0,0,0,0,,,2,2,,0,0,3,0,2,,,2,0,4,,0,0,2,,1,2,0,,0,0,,,0,3,0,2,2,,1,,0,,0,0,0,0,,,,1,,,
2015_28,16622,,0,1,1,0,,,0,2,,0,5,1,0,4,,,0,0,3,,0,0,5,,0,1,0,,0,0,,,0,4,2,0,6,,3,,0,,1,0,4,2,,,,1,,,
2015_27,16615,,0,0,1,0,,,0,1,,0,6,2,0,2,,,1,,9,,1,0,7,,1,0,2,,1,0,,,0,3,1,1,7,,2,,0,,0,0,5,3,,,,0,,,
2015_26,16608,,,0,0,0,,,1,5,,1,4,1,0,2,,,0,,3,,0,0,4,,0,1,1,,0,0,,,,3,0,0,10,,0,,0,,1,0,3,0,,,,1,,,
2015_25,16601,,,0,1,0,,,2,0,,2,4,5,0,4,,,0,,2,,1,1,6,,1,1,3,,0,0,,,,1,1,0,19,,0,,0,,3,0,2,2,,,,0,,,
2015_24,16594,,0,1,0,0,,,4,2,,1,4,1,1,0,,,2,,2,,0,0,11,,0,1,1,,0,0,,,,1,2,1,22,,0,,0,,7,0,1,0,,,,2,,,
2015_23,16587,,0,3,1,0,,,3,0,,1,4,1,6,4,,,1,,1,,0,1,36,,0,0,0,,1,0,2,,,0,2,1,19,,1,,0,,5,0,4,1,,,,4,,,
2015_22,16580,,,0,1,0,,,0,3,,0,8,0,0,0,,,5,,2,,0,0,6,,1,0,2,,1,0,,,,3,0,0,11,,0,,0,,3,1,0,1,,,,1,,,
2015_21,16573,,0,1,1,0,,,1,0,,0,2,0,0,1,,,5,,1,,0,1,6,,0,0,0,,0,0,,,,0,0,2,15,,0,,0,,4,1,3,3,,,,1,,,
2015_20,16566,,0,1,0,0,,,1,3,,1,4,0,2,1,,,2,,2,,0,1,5,,0,1,1,,0,0,,,,0,0,2,0,,0,,1,,3,0,2,1,,,,0,,,
2015_19,16559,,0,0,0,0,,,1,1,,1,5,0,1,0,,,1,,0,,0,0,9,,0,0,0,,1,0,,,,3,1,1,14,,3,,0,,9,1,5,3,,,,0,,,
2015_18,16552,,0,1,1,0,,,0,6,,3,5,0,3,3,,,1,,1,,0,0,1,,0,0,1,,2,0,,,,1,2,1,18,,1,,1,,1,0,2,1,,,,0,,,
2015_17,16545,,0,1,1,1,,,2,2,,0,4,0,1,1,,,0,,1,,0,2,4,,0,0,0,,0,0,,,,1,0,2,14,,0,,1,,11,0,1,2,,,,0,,,
2015_16,16538,,0,3,1,0,,,2,2,,3,1,2,1,4,,,4,,1,,0,2,3,,0,0,1,,0,0,,,,1,1,6,15,,0,,0,,3,0,4,5,,,,1,,,
2015_15,16531,,0,2,0,0,,,2,1,,1,0,0,0,3,,,0,,1,,0,0,3,,0,0,0,,0,0,,,,2,0,1,7,,3,,0,,3,0,1,2,,,,0,,,
2015_14,16524,,0,1,1,0,,,2,4,,0,2,3,1,2,,,2,,2,,0,0,2,,1,0,0,,0,0,,,,2,0,1,7,,0,,1,,0,1,0,4,,,,0,,,
2015_13,16517,,0,1,3,0,,,2,10,,0,2,0,1,2,,,2,,4,,0,0,5,,0,0,1,,1,0,,,,2,4,,11,,2,,0,,0,0,3,2,,,,0,,,
2015_12,16510,,0,2,2,0,,,1,1,,0,0,0,2,5,,,1,,2,,0,0,3,,1,0,1,,0,0,,,,1,1,2,12,,3,,0,,1,0,1,2,,,,1,,,
2015_11,16503,,0,4,0,0,,,3,5,,0,0,0,1,2,,,2,,4,,0,0,5,,1,0,4,,2,0,,,,5,1,3,10,,2,,0,,1,0,2,1,,,,0,,,
2015_10,16496,,0,2,1,0,,,2,7,,0,0,0,1,1,,,3,,4,,0,0,3,,6,0,1,,0,0,,,,3,1,3,14,,0,,0,,3,0,2,4,,,,1,,,
2015_09,16489,,0,5,2,0,,,1,3,,1,1,1,3,9,,,3,,4,0,0,0,13,,0,0,1,,1,0,,,,1,0,6,23,,2,,0,,1,0,0,3,,,,0,,,
2015_08,16482,,,3,2,0,,,3,10,,0,1,2,1,1,,,4,0,5,,0,0,9,,1,1,2,,2,0,,,,4,2,3,14,,2,,0,,2,0,0,6,,,,1,,,
2015_07,16475,,0,2,1,0,,,1,5,,0,3,1,4,3,,,1,0,2,,0,0,11,,0,2,5,,0,0,,,,3,3,5,13,,1,,0,,3,0,3,1,,,,1,,,
2015_06,16468,,0,0,1,0,,,0,5,,0,0,0,1,9,,,2,0,4,,0,0,7,,0,0,2,,0,0,,,,3,4,2,18,,3,,0,,0,0,4,3,,,,0,,,
2015_05,16461,,0,2,1,0,,,1,8,,0,1,0,0,2,,,2,0,3,,0,0,12,,0,3,0,,0,0,,,,3,3,1,31,,2,,0,,2,1,4,3,,,,0,,,
2015_04,16454,,0,2,0,0,,,0,7,,0,2,1,2,5,,,2,0,2,,0,0,18,,0,1,4,,1,0,,,,2,2,2,31,,4,,0,,4,0,0,4,,,,0,,,
2015_03,16447,,0,2,0,2,,,0,7,,1,5,0,0,8,,,0,,4,,1,1,10,,0,0,1,,0,0,,,,4,10,0,30,,0,,0,,0,1,1,2,,,,2,,,
2015_02,16440,,,5,2,0,,,1,7,,0,1,0,1,2,,,2,,5,,2,0,6,,0,0,0,,0,0,,,,7,0,,23,,3,,0,,2,0,4,2,,,,6,,,
2015_01,16433,,,0,1,0,,,2,7,,0,1,1,0,1,,,0,,0,,0,0,6,,,3,1,,0,0,,,,1,1,,14,,1,,0,,3,2,0,0,,,,0,,,
2014_52,16426,,0,2,1,0,,,1,7,,1,2,0,0,2,,,2,,5,,1,1,2,,0,1,0,,0,0,,,,2,1,1,22,,0,,0,,3,0,5,1,,,,0,,,
2014_51,16419,,0,4,1,1,,,2,13,,0,0,0,0,1,,,0,0,4,,2,0,6,,0,3,0,,0,0,,,,3,1,0,9,,0,,2,,3,0,4,4,,,,2,,,
2014_50,16412,,0,1,1,0,,,1,10,,0,4,1,5,6,,,1,0,1,,0,0,14,,2,4,0,,0,0,,,,0,2,2,9,,1,,0,,2,0,1,2,,,,1,,,
2014_49,16405,,0,0,0,0,,,2,5,,2,2,0,0,4,,,1,0,3,,0,2,6,,0,0,1,,0,0,,,,2,3,1,28,,0,,0,,0,0,4,1,,,,2,,,
2014_48,16398,,,1,1,2,,,0,7,,1,1,0,1,9,,,1,0,1,,0,0,2,,0,1,2,,1,0,,,,2,1,0,23,,0,,0,,1,1,4,3,,,,2,,,
2014_47,16391,,,1,2,0,,,1,5,,0,5,2,0,6,,,2,0,2,,4,0,6,,0,1,0,,2,0,,,,2,2,0,29,,2,,0,,3,0,3,3,,,,0,,,
2014_46,16384,,0,4,4,0,,,5,6,,0,0,1,0,3,,,2,0,0,,3,0,1,,2,4,0,,0,0,,,,3,2,0,13,,0,,0,,0,0,4,0,,,,5,,,
2014_45,16377,,0,1,0,0,,,6,6,,0,1,1,1,2,,,1,2,1,,1,2,5,,0,4,1,,0,0,,,,2,1,0,10,,0,,0,,1,0,4,2,,,,2,,,
2014_44,16370,,0,1,0,1,,,9,8,,2,1,1,7,3,,,0,,4,,1,1,4,,1,0,2,,0,0,,,,3,1,0,10,,0,,1,,0,0,3,1,,,,7,,,
2014_43,16363,,,1,1,0,,,7,4,,3,2,1,0,2,,,3,,1,,0,1,5,,1,1,0,,2,0,,,,1,2,0,14,,2,,0,,0,0,5,4,,,,2,,,
2014_42,16356,,0,1,0,0,,,9,10,,3,1,0,3,7,,,3,,1,,0,1,12,,1,1,2,,0,0,,,,3,2,0,10,,3,,1,,0,0,0,3,,,,3,,,
2014_41,16349,,0,0,0,1,,,5,3,,1,5,1,8,1,,,1,,2,,0,1,4,,0,3,0,,0,0,,,,2,0,1,7,,0,,2,,4,0,0,2,,,,4,,,
2014_40,16342,,0,0,0,0,,,8,5,,2,1,0,3,3,,,2,,0,,0,0,5,,0,0,1,,0,0,,,,2,0,0,7,,0,,0,,1,0,1,1,,,,3,,,
2014_39,16335,,,0,0,0,,,4,2,,2,1,0,3,3,,,0,,1,,1,0,6,,0,0,1,,1,0,,,,0,1,1,4,,1,,0,,0,0,2,0,,,,2,,,
2014_38,16328,,0,0,2,0,,,2,4,,0,3,2,1,2,,,0,2,1,,0,2,9,,0,0,1,,0,0,,,,1,0,0,9,,1,,0,,0,0,0,3,,,,1,,,
2014_37,16321,,,3,2,0,,,1,0,,0,1,1,4,1,,,2,0,1,,0,0,4,,0,0,3,,0,0,,,,0,0,0,8,,0,,0,,2,0,1,2,,,,2,,,
2014_36,16314,,,1,0,0,,,1,3,,0,2,1,1,4,,,2,0,0,,0,0,3,,0,0,2,,0,0,,,,3,0,1,9,,2,,0,,0,1,0,1,,,,2,,,
2014_35,16307,,,1,0,0,,,3,4,,0,1,0,0,1,,,1,,1,,0,0,5,,3,0,1,,0,0,,,,3,1,0,6,,0,,0,,0,0,0,4,,,,1,,,
2014_34,16300,,0,0,0,0,,,0,1,,0,2,2,1,4,,,2,,0,,0,1,2,,1,2,1,,0,0,,,,0,1,0,4,,0,,0,,0,0,0,2,,,,1,,,
2014_33,16293,,0,0,2,1,,,3,1,,0,1,1,2,0,,,1,,1,,0,0,0,,1,2,2,,0,0,,,,2,0,0,10,,1,,0,,1,0,2,2,,,,1,,,
2014_32,16286,,0,0,1,0,,,3,4,,0,3,0,0,1,,,2,,3,,0,1,4,,0,0,1,,0,0,,,,3,0,1,14,,2,,0,,0,0,0,2,,,,1,,,
2014_31,16279,,,0,2,0,,,1,3,,2,4,2,0,1,,,2,0,1,,0,0,0,,0,3,0,,0,0,,,,2,0,1,7,,1,,0,,1,0,1,0,,,,1,,,
2014_30,16272,,0,0,0,0,,,1,0,,0,2,2,0,0,,,0,,3,,3,3,2,,0,0,0,,1,0,,,,1,0,0,5,,0,,1,,2,0,0,0,,,,1,,,
2014_29,16265,,0,0,4,0,,,0,2,,1,2,2,0,1,,,0,0,0,,0,1,1,,1,2,1,,1,0,,,,1,0,0,7,,0,,1,,0,0,0,0,,,,0,,,
2014_28,16258,,0,0,2,0,,,0,2,,0,4,1,1,3,,,2,,2,,1,2,2,,2,0,0,,0,0,,,,0,0,0,7,,0,,0,,0,1,1,1,,,,0,,,
2014_27,16251,,,1,4,2,,,1,2,,0,2,0,0,3,,,1,0,2,,2,1,0,,0,1,1,,0,0,,,,2,0,0,2,,0,,0,,1,0,2,0,,,,1,,,
2014_26,16244,,,0,1,0,,,2,1,,0,1,0,1,3,,,1,,1,,2,1,0,,1,0,1,,0,0,,,,3,0,0,5,,0,,0,,1,0,0,1,,,,4,,,
2014_25,16237,,0,0,4,0,,,2,0,,0,1,0,1,7,,,6,,0,,0,1,1,,1,3,2,,0,0,,,,1,0,1,9,,1,,1,,4,0,4,1,,,,3,,,
2014_24,16230,,0,0,0,0,,,1,0,,0,0,0,0,2,,,3,0,0,,0,1,2,,3,2,1,,2,0,,,,2,1,1,4,,3,,0,,3,0,4,1,,,,0,,,
2014_23,16223,,0,4,1,0,,,0,2,,0,1,2,2,1,,,3,,1,,0,1,3,,2,1,1,,1,0,,,,5,1,4,4,,1,,0,,9,0,2,1,,,,1,,,
2014_22,16216,,0,0,1,0,,,1,1,,1,0,2,0,0,,,0,,2,,1,1,0,,2,2,1,,1,0,,,,0,0,0,4,,0,,0,,1,1,2,2,,,,0,,,
2014_21,16209,,0,0,1,0,,,0,2,,0,4,1,1,0,,,1,,1,,0,1,6,,7,1,2,,1,0,,,,3,0,0,8,,0,,0,,0,0,1,2,,,,1,,,
2014_20,16202,,0,0,0,0,,,1,3,,0,0,2,2,3,,,0,,5,,0,0,13,,0,1,1,,1,0,,,,3,1,0,8,,0,,1,,9,0,3,0,,,,4,,,
2014_19,16195,,0,3,2,1,,,5,2,,1,0,3,0,2,,,0,,4,,0,1,16,,0,1,1,,1,0,,,0,5,0,0,7,,0,,0,,5,0,2,1,,,,0,,,
2014_18,16188,,,1,0,0,,,2,2,,0,0,0,3,0,,,0,,2,,0,0,19,,2,0,0,,0,0,,,0,2,0,0,5,,1,,0,,0,0,2,1,,,,1,,,
2014_17,16181,,0,0,0,0,,,3,5,,0,1,0,3,0,,,0,,3,,1,0,11,,0,0,1,,1,0,,,0,1,0,0,7,,1,,0,,7,0,0,4,,,,0,,,
2014_16,16174,,0,0,0,0,,,3,7,,1,0,2,2,1,,,1,0,0,,0,1,1,,1,2,4,,1,0,,,2,2,1,,10,,1,,0,,1,0,0,0,,,,0,,,
2014_15,16167,,,0,0,0,,,0,4,,2,4,0,1,0,,,0,,3,,1,0,1,,2,0,1,,0,0,,,0,2,0,,9,,3,,0,,2,0,3,2,,,,0,,,
2014_14,16160,,,1,1,0,,,0,3,,2,1,0,6,1,,,0,0,3,,1,0,2,,2,0,1,,0,3,,,0,0,0,0,9,,2,,0,,1,0,0,0,,,,1,,,
2014_13,16153,,1,1,0,1,,,3,2,,0,0,1,0,1,,,1,0,2,,0,0,5,,2,1,1,,0,0,,,1,0,0,0,8,,3,,0,,1,0,2,1,,,,0,,,
2014_12,16146,,0,2,0,0,,,2,4,,0,2,0,0,3,,,0,0,1,,2,1,0,,6,1,4,,0,0,,,3,1,3,1,6,,1,,1,,1,1,0,3,,,,0,,,
2014_11,16139,,,0,0,0,,,4,0,,0,0,0,0,3,,,2,1,1,,1,1,0,,1,0,3,,0,0,,,0,2,2,2,5,,1,,0,,0,0,1,4,,,,0,,,
2014_10,16132,,0,0,0,0,,,3,4,,0,0,2,0,2,,,0,0,3,,0,0,1,,0,1,2,,0,0,,,0,2,0,0,8,,2,,0,,3,1,3,2,,,,0,,,
2014_09,16125,,0,1,0,0,,,5,2,,0,0,,0,2,,,5,0,4,,1,0,0,,1,3,1,,0,0,,,0,2,0,0,6,,3,,1,,0,0,0,3,,,,0,,,
2014_08,16118,,0,1,0,0,,,1,2,,0,1,1,0,2,,,3,3,5,,0,0,0,,0,0,6,,0,0,,,0,2,0,0,10,,0,,0,,0,0,2,7,,,,0,,,
2014_07,16111,,0,2,0,0,,,1,10,,0,1,2,0,5,,,1,0,6,,0,1,1,,0,0,7,,0,0,,,0,8,1,1,19,,2,,1,,2,0,0,2,,,,0,,,
2014_06,16104,,0,1,0,0,,,3,10,,0,0,1,0,3,,,4,0,9,,3,0,4,,1,0,2,,0,0,,,0,3,1,0,14,,0,,0,,0,0,0,1,,,,0,,,
2014_05,16097,,,2,0,0,,,3,8,,0,7,1,4,2,,,5,1,6,,0,0,1,,1,0,1,,0,0,,,1,2,2,1,20,,1,,0,,2,0,5,3,,,,0,,,
2014_04,16090,,,0,1,1,,,2,10,,0,4,0,1,1,,,1,0,11,,1,1,2,,1,1,3,,0,0,,,1,2,0,0,16,,1,,0,,1,0,1,2,,,,0,,,
2014_03,16083,,,0,1,0,,,0,8,,0,3,0,4,2,,,0,0,6,,0,0,2,,1,0,2,,1,0,,,2,1,2,1,11,,0,,1,,1,0,0,7,,,,0,,,
2014_02,16076,,,0,1,0,,,1,3,,0,0,0,2,3,,,2,0,7,,0,1,1,,0,1,3,,1,0,,,0,3,1,2,13,,1,,0,,1,0,0,1,,,,0,,,
2014_01,16069,,,0,3,0,,,2,3,,0,3,0,,2,,,0,0,3,,0,0,0,,0,1,5,,0,0,,,4,3,1,1,9,,0,,0,,2,0,2,0,,,,0,,,
2013_52,16062,,,0,0,0,,,1,4,,0,0,1,,5,,,1,0,2,,0,0,5,,1,1,1,,0,0,,,3,1,0,0,8,,0,,0,,3,1,0,2,,,,0,,,
2013_51,16055,,0,1,0,0,,,3,5,,0,0,0,0,23,,,3,0,1,,1,2,7,,0,2,0,,0,0,,,3,4,0,,7,,0,,0,,0,0,1,1,,,,0,,,
2013_50,16048,,0,0,0,0,,,0,0,,0,0,0,0,13,,,0,0,4,,1,1,9,,1,4,1,,0,0,,,2,1,0,0,11,,0,,0,,0,0,0,0,,,,0,,,
2013_49,16041,,0,1,2,0,,,6,10,,0,1,3,0,16,,,2,0,1,,0,2,2,,2,3,0,,1,5,,,1,4,1,1,9,,0,,0,,1,2,2,0,,,,0,,,
2013_48,16034,,0,2,0,1,,,6,5,,0,8,1,0,10,,,3,0,3,,1,1,9,,2,0,2,,1,6,,,0,1,1,1,33,,1,,0,,1,1,2,3,,,,0,,,
2013_47,16027,,0,1,3,1,,,5,12,,0,5,0,4,12,,,1,1,3,,1,0,1,,0,0,1,,2,0,,,0,1,3,2,15,,7,,0,,2,0,3,1,,,,0,,,
2013_46,16020,,0,1,0,0,,,8,15,,,4,4,1,4,,,1,1,0,,0,1,2,,2,0,3,,0,0,,,1,2,2,0,16,,7,,0,,0,0,1,0,,,,0,,,
2013_45,16013,,,1,3,0,,,13,5,,0,1,2,4,5,,,1,0,0,,1,0,9,,4,1,7,,1,3,,,0,7,1,,8,,4,,0,,2,1,2,4,,,,1,,,
2013_44,16006,,,2,1,1,,,7,6,,0,5,1,1,1,,,2,0,3,,1,3,3,,0,0,2,,0,0,,,4,6,0,,5,,4,,0,,0,1,0,0,,,,1,,,
2013_43,15999,,0,2,1,0,,,5,5,,0,2,0,1,0,,,1,1,2,,2,1,4,,2,1,3,,1,0,,,0,3,2,0,4,,4,,0,,0,0,4,1,,,,0,,,
2013_42,15992,,0,0,1,0,,,11,15,,0,3,5,1,5,,,0,0,1,,2,0,2,,4,2,2,,0,0,,,1,6,0,1,2,,0,,0,,0,0,1,0,,,,0,,,
2013_41,15985,,,0,3,2,,,2,5,,0,2,1,0,5,,,0,0,0,,1,1,4,,2,2,3,,0,0,,,1,1,0,1,5,,5,,0,,0,1,2,1,,,,0,,,
2013_40,15978,,0,0,1,0,,,5,2,,0,4,0,1,5,,,3,0,1,,0,0,4,,1,1,0,,0,0,,,0,0,4,0,5,,4,,0,,0,0,0,0,,,,0,,,
2013_39,15971,,0,0,0,0,,,3,8,,1,1,1,0,3,,,3,0,1,,2,0,2,,6,1,0,,0,0,,,,2,2,0,3,,1,,0,,0,1,2,0,,,,0,,,
2013_38,15964,,0,0,1,0,,,5,9,,0,1,1,0,6,,,1,0,3,,0,0,2,,1,0,0,,1,0,,,,0,0,0,6,,4,,0,,1,2,1,3,,,,0,,,
2013_37,15957,,,0,1,0,,,2,6,,2,,0,2,2,,,1,0,1,,1,0,5,,0,0,1,,0,0,,,0,2,3,0,2,,10,,0,,2,0,2,0,,,,0,,,
2013_36,15950,,,0,0,0,,,0,3,,0,10,1,1,3,,,3,0,1,,1,1,2,,4,0,0,,0,0,,,0,3,5,1,9,,0,,0,,0,0,1,0,,,,0,,,
2013_35,15943,,,1,0,0,,,1,2,,1,7,0,1,0,,,1,0,2,,0,0,4,,2,0,1,,0,0,,,1,1,1,0,3,,2,,0,,1,0,2,0,,,,0,,,
2013_34,15936,,,0,0,0,,,1,3,,0,3,2,0,0,,,3,0,2,,0,1,1,,2,0,0,,1,0,,,0,3,2,0,4,,8,,0,,0,0,0,0,,,,0,,,
2013_33,15929,,,0,0,0,,,0,1,,1,6,1,0,0,,,1,0,1,,1,0,0,,2,0,0,,0,0,,,0,3,3,0,9,,4,,0,,1,0,3,0,,,,0,,,
2013_32,15922,,,0,0,0,,,1,2,,0,3,1,0,1,,,2,0,0,,0,0,5,,1,0,0,,0,0,,,1,1,1,2,4,,0,,0,,0,0,2,1,,,,3,,,
2013_31,15915,,,1,0,2,,,0,0,,0,11,1,0,2,,,1,0,1,,0,0,5,,0,1,0,,0,0,,,2,4,4,1,5,,0,,0,,1,0,1,0,,,,0,,,
2013_30,15908,,,0,0,0,,,0,2,,0,4,0,1,1,,,2,0,0,,1,0,1,,0,0,0,,0,0,,,1,4,0,0,6,,0,,0,,0,1,3,0,,,,0,,,
2013_29,15901,,0,2,0,0,,,1,4,,0,6,0,0,1,,,0,0,0,,1,0,5,,1,0,0,,0,0,,,0,2,0,0,4,,0,,0,,2,0,2,1,,,,0,,,
2013_28,15894,,0,0,0,0,,,0,7,,0,3,0,1,0,,,3,0,3,,1,0,3,,2,0,0,,0,0,,,1,4,3,0,6,,0,,1,,1,0,0,0,,,,0,,,
2013_27,15887,,,2,3,0,,,2,7,,0,3,1,0,0,,,1,0,0,,0,0,4,,4,1,0,,0,0,,,0,7,0,1,6,,1,,3,,0,0,1,0,,,,0,,,
2013_26,15880,,0,0,1,0,,,1,2,,1,1,1,0,3,,,0,0,2,,0,0,3,,3,0,0,,1,0,,,0,1,0,1,11,,0,,0,,0,0,1,0,,,,0,,,
2013_25,15873,,0,2,1,0,,,0,5,,1,2,1,0,0,,,1,0,2,,0,0,2,,0,0,0,,0,0,,,1,3,0,2,8,,2,,0,,1,0,1,1,,,,0,,,
2013_24,15866,,0,8,0,0,,,1,34,,0,1,1,2,7,,,1,0,6,,0,0,6,,4,0,1,,0,0,,,0,1,2,2,4,,0,,0,,1,0,1,2,,,,0,,,
2013_23,15859,,0,0,3,0,,,2,7,,1,0,2,0,6,,,1,0,6,,0,1,3,,0,0,0,,0,0,,,0,1,1,0,7,,0,,0,,2,0,4,0,,,,0,,,
2013_22,15852,,0,2,0,0,,,6,3,,0,2,2,2,2,,,2,0,2,,1,1,1,,2,0,0,,0,0,,,,2,1,0,14,,0,,0,,3,0,1,2,,,,1,,,
2013_21,15845,,0,1,1,0,,,0,5,,0,2,0,1,7,,,1,1,7,,0,1,3,,1,0,0,,0,0,,,0,5,2,0,6,,0,,0,,0,1,0,0,,,,0,,,
2013_20,15838,,0,1,1,0,,,3,2,,0,1,0,1,4,,,1,0,1,,0,0,9,,0,0,0,,1,0,,,1,3,1,0,5,,2,,0,,0,0,3,0,,,,0,,,
2013_19,15831,,0,0,0,0,,,2,3,,0,0,1,1,1,,,1,0,2,,0,0,11,,0,1,1,,1,0,,,1,3,0,0,7,,1,,0,,3,0,0,2,,,,0,,,
2013_18,15824,,0,0,0,0,,,4,3,,0,0,0,0,0,,,0,0,2,,1,0,6,,0,0,0,,0,0,,,0,5,0,0,15,,1,,0,,1,0,0,3,,,,0,,,
2013_17,15817,,0,0,0,0,,,2,1,,1,2,2,1,3,,,2,0,1,,1,3,4,,0,0,0,,0,0,,,7,1,0,0,5,,1,,0,,3,0,0,1,,,,0,,,
2013_16,15810,,0,0,1,0,,,0,3,,0,4,2,0,4,,,2,0,1,,0,2,3,,0,0,2,,0,1,,,1,3,0,0,9,,0,,0,,1,1,1,0,,,,0,,,
2013_15,15803,,0,0,0,0,,,0,11,,2,0,4,1,4,,,2,1,1,,1,2,8,,0,3,1,,1,0,,,4,2,0,2,7,,0,,1,,2,0,0,2,,,,2,,,
2013_14,15796,,1,0,0,0,,,3,6,,1,0,0,0,0,,,0,0,1,,1,1,0,,0,0,0,,1,0,,,1,3,3,0,7,,0,,0,,0,0,1,2,,,,0,,,
2013_13,15789,,0,0,0,0,,,0,3,,0,1,0,0,2,,,0,0,0,,0,0,0,,2,1,3,,0,1,,,2,1,0,1,4,,1,,1,,0,0,2,1,,,,0,,,
2013_12,15782,,0,0,0,1,,,2,0,,0,2,0,0,0,,,3,0,2,,0,0,0,,1,0,0,,0,0,,,1,1,1,0,5,,0,,0,,0,0,5,2,,,,0,,,
2013_11,15775,,1,0,1,0,,,1,5,,0,0,0,1,5,,,2,0,0,,0,1,2,,1,0,0,,0,0,,,0,1,0,1,3,,0,,0,,1,0,1,1,,,,0,,,
2013_10,15768,,4,0,1,0,,,3,3,,1,2,0,0,2,,,1,0,3,,0,0,1,,0,2,0,,1,0,,,3,3,1,1,4,,0,,0,,2,0,3,2,,,,0,,,
2013_09,15761,,1,1,0,2,,,5,2,,2,3,1,0,2,,,3,2,5,,0,3,11,,3,0,0,,0,0,,,2,2,2,1,9,,0,,0,,3,0,4,3,,,,0,,,
2013_08,15754,,0,0,1,0,,,2,2,,0,4,0,1,12,,,2,1,3,,1,1,7,,4,0,0,,1,0,,,2,2,1,0,5,,0,,0,,1,3,4,1,,,,0,,,
2013_07,15747,,,0,0,0,,,1,6,,0,11,0,1,6,,,6,1,5,,0,0,4,,1,0,0,,0,0,,,3,7,1,0,4,,1,,0,,1,0,0,2,,,,0,,,
2013_06,15740,,1,0,1,0,,,2,4,,0,6,1,2,6,,,1,1,0,,0,0,3,,5,0,1,,0,0,,,4,3,1,2,9,,3,,1,,1,0,1,2,,,,0,,,
2013_05,15733,,0,0,0,0,,,1,5,,0,12,1,3,6,,,4,0,1,,1,0,5,,3,0,0,,0,0,,,1,2,4,2,13,,0,,0,,0,0,4,1,,,,1,,,
2013_04,15726,,1,0,0,0,,,0,10,,0,8,0,2,8,,,1,0,3,,0,2,8,,1,0,1,,0,0,,,4,4,2,,11,,0,,1,,1,0,2,4,,,,0,,,
2013_03,15719,,1,0,2,0,,,6,12,,0,12,0,1,6,,,2,1,0,,0,0,25,,2,0,0,,0,0,,,4,1,0,1,9,,2,,0,,0,0,6,2,,,,0,,,
2013_02,15712,,0,0,1,0,,,2,9,,0,6,2,0,9,,,1,0,1,,2,0,8,,2,1,0,,3,0,,,3,5,5,1,18,,3,,0,0,0,0,4,0,,,,0,,,
2013_01,15705,,5,0,0,0,,,1,3,,1,10,0,,3,,,0,0,1,,0,2,19,,0,0,0,,,0,,,2,2,0,1,10,,0,,0,,0,1,3,3,,,,0,,,
2012_52,15698,,7,0,1,0,,,1,0,,3,1,2,0,8,,,2,0,1,,0,2,11,,0,0,0,,0,0,,,1,0,2,2,22,,0,,0,,0,0,0,1,,,,0,,,
2012_51,15691,,2,0,2,0,,,3,1,,0,4,1,0,4,,,3,1,4,,1,0,3,,1,0,0,,0,0,,,1,3,2,0,19,,0,,0,,1,0,3,1,,,,0,,,
2012_50,15684,,0,0,1,0,,,1,7,,4,0,1,0,8,,,4,0,3,,0,2,5,,0,0,2,,0,0,,,2,2,0,0,14,,0,,0,,2,1,4,1,,,,0,,,
2012_49,15677,,0,0,1,0,,,2,8,,0,5,1,0,23,,,1,0,3,,0,2,12,,2,0,2,,1,0,,,1,3,0,0,36,,4,,0,,1,1,3,2,,,,0,,,
2012_48,15670,,0,0,0,,,,2,3,,1,0,0,1,,,,6,2,2,,2,0,6,,2,0,2,,1,0,,,1,5,4,0,10,,0,,0,,2,2,3,4,,,,0,,,
2012_47,15663,,1,1,1,0,,,4,3,,0,5,1,0,1,,,5,0,5,,2,0,13,,2,7,0,,3,1,,,1,3,2,4,9,,0,,0,,0,1,1,,,,,0,,,
2012_46,15656,,0,0,,0,,,3,4,,,0,3,4,1,,,3,0,2,,0,2,15,,2,6,0,,0,2,,,3,1,4,3,6,,0,,0,,0,0,3,1,,,,0,,,
2012_45,15649,,0,0,0,,,,3,2,,,4,3,1,6,,,1,0,2,,0,0,16,,0,3,2,,0,0,,,0,3,0,,19,,0,,1,,0,0,1,3,,,,0,,,
2012_44,15642,,0,0,0,0,,,4,2,,1,2,1,0,2,,,2,1,,,1,0,4,,1,1,0,,2,0,,,0,2,1,,4,,0,,2,,0,0,0,1,,,,0,,,
2012_43,15635,,0,0,0,0,,,2,1,,1,14,3,0,6,,,5,1,3,,2,0,7,,0,3,0,,2,0,,,0,1,3,,12,,0,,1,,0,0,0,0,,,,0,,,
2012_42,15628,,0,,1,0,,,5,2,,3,4,2,0,5,,,2,0,2,,2,0,,,5,2,0,,1,0,,,0,0,0,0,4,,0,,,,0,0,2,1,,,,0,,,
2012_41,15621,,0,0,,0,,,2,3,,,10,4,0,2,,,3,0,2,,0,2,,,1,1,1,,0,0,,,0,1,0,1,0,,0,,,,0,0,3,0,,,,0,,,
2012_40,15614,,0,0,0,0,,,2,3,,0,9,3,0,2,,,0,0,0,,0,0,1,,4,1,0,,1,0,,,0,3,0,1,1,,1,,,,5,0,2,,,,,0,,,
2012_39,15607,,1,,1,0,,,2,1,,2,1,1,0,1,,,2,0,2,,0,2,5,,,0,0,,2,0,,,1,1,0,0,8,,0,,,,1,0,0,,,,,0,,,
2012_38,15600,,0,0,0,0,,,3,1,,2,0,2,0,3,,,2,0,0,,0,1,6,,,3,1,,0,0,,,1,2,0,3,10,,1,,,,1,0,0,0,,,,1,,,
2012_37,15593,,0,0,3,0,,,5,3,,0,1,1,0,1,,,0,0,0,,0,0,6,,1,0,0,,0,0,,,0,1,0,3,6,,0,,,,1,0,2,0,,,,0,,,
2012_36,15586,,1,0,0,1,,,0,1,,0,2,0,0,3,,,2,0,0,,0,1,2,,1,1,1,,1,0,,,4,1,3,1,7,,1,,,,2,0,0,0,,,,0,,,
2012_35,15579,,0,0,1,0,,,0,2,,0,0,1,1,2,,,5,0,2,,0,0,1,,,2,1,,0,0,,,4,6,,1,2,,1,,,,3,1,2,2,,,,1,,,
2012_34,15572,,0,0,0,0,,,1,3,,0,1,2,0,5,,,0,0,3,,0,0,3,,,1,0,,1,0,,,2,0,0,0,6,,0,,0,,2,1,0,0,,,,,,,
2012_33,15565,,1,2,0,2,,,2,1,,0,3,1,0,6,,,1,0,0,,0,0,2,,,0,,,1,0,,,0,1,0,1,11,,5,,,,1,1,0,0,,,,,,,
2012_32,15558,,0,0,1,0,,,1,0,,0,1,2,0,2,,,2,0,2,,0,3,2,,,0,0,,0,0,,,0,5,0,,8,,0,,0,,1,0,1,0,,,,0,,,
2012_31,15551,,0,0,0,1,,,1,0,,1,3,0,0,5,,,1,0,0,,1,0,4,,,2,0,,0,0,,,0,5,0,,15,,0,,0,,2,0,0,0,,,,0,,,
2012_30,15544,,0,0,1,0,,,1,1,,0,4,0,0,2,,,0,0,2,,0,,2,,,2,0,,1,0,,,1,1,2,2,14,,0,,0,,0,0,0,0,,,,0,,,
2012_29,15537,,0,,1,0,,,0,1,,0,2,0,0,0,,,0,0,1,,0,0,2,,,2,0,,0,0,,,0,2,1,0,20,,0,,0,,0,1,0,0,,,,0,,,
2012_28,15530,,0,,1,0,,,0,0,,0,0,0,0,1,,,1,0,1,,0,,6,,,0,0,,1,0,,,0,2,0,0,12,,,,0,,0,1,1,0,,,,0,,,
2012_27,15523,,0,,1,1,,,4,1,,1,4,0,0,1,,,2,0,5,,2,0,4,,,3,,,0,0,,,2,2,0,0,22,,0,,0,,1,0,0,0,,,,0,,,
2012_26,15516,,0,,,0,,,0,1,,1,2,2,0,0,,,0,0,0,,3,0,1,,,2,,,1,0,,,2,9,0,0,12,,0,,0,,0,0,0,0,,,,0,,,
2012_25,15509,,1,,0,,,,0,0,,1,5,0,0,1,,,,1,1,,2,0,4,,,2,0,,2,0,,,0,3,0,2,20,,0,,0,,1,1,1,0,,,,0,,,
2012_24,15502,,1,,2,0,,,1,1,,1,1,0,1,1,,,,0,0,,0,0,2,,,1,1,,0,0,,,2,0,0,1,7,,0,,0,,4,0,3,2,,,,0,,,
2012_23,15495,,0,,1,0,,,3,0,,2,5,0,0,0,,,,0,0,,0,0,7,,,1,0,,0,0,,,2,1,1,0,12,,0,,0,,0,1,1,1,,,,0,,,
2012_22,15488,,5,0,0,0,,,0,0,,0,0,2,0,0,,,0,0,0,,0,0,7,,,0,0,,1,0,,,0,3,0,1,4,,0,,0,,0,0,1,0,,,,0,,,
2012_21,15481,,0,0,0,2,,,1,4,,1,8,7,0,1,,,0,0,0,,1,1,9,,1,1,0,,1,3,,,0,2,1,1,6,,0,,0,,1,0,0,2,,,,0,,,
2012_20,15474,,3,1,0,1,,,1,4,,2,3,4,0,7,,,1,0,0,,1,3,6,,2,0,0,,0,0,,,1,0,0,2,1,,1,,0,,2,0,0,3,,,,0,,,
2012_19,15467,,0,0,0,0,,,2,6,,0,1,2,0,1,,,4,0,0,,0,1,12,,1,0,0,,0,4,,,1,2,1,2,4,,0,,,,1,0,2,2,,,,0,,,
2012_18,15460,,0,1,1,0,,,1,3,,3,2,0,0,0,,,1,0,1,,0,2,2,,3,1,0,,0,0,,,2,0,0,1,2,,1,,0,,0,1,1,0,,,,0,,,
2012_17,15453,,0,0,0,0,,,1,4,,1,11,1,0,7,,,4,1,3,,0,3,7,,0,0,2,,0,6,,,1,2,1,1,10,,2,,0,,2,0,1,4,,,,0,,,
2012_16,15446,,0,0,,1,,,0,1,,0,1,2,0,2,,,4,0,2,,1,2,9,,2,2,0,,0,0,,,3,2,0,1,5,,0,,0,,3,0,1,3,,,,0,,,
2012_15,15439,,0,0,,,,,1,1,,0,2,0,0,4,,,3,0,1,,0,0,6,,1,0,0,,0,0,,,3,4,0,1,5,,1,,0,,0,1,1,2,,,,0,,,
2012_14,15432,,0,0,,0,,,1,1,,0,2,0,0,4,,,1,1,2,,0,1,5,,1,3,0,,0,0,,,2,2,0,1,5,,0,,0,,2,0,4,2,,,,0,,,
2012_13,15425,,0,0,0,0,,,1,3,,0,0,1,0,8,,,4,0,2,,0,0,13,,1,0,0,,0,0,,,1,1,0,0,2,,0,,0,,0,0,5,3,,,,0,,,
2012_12,15418,,0,0,0,0,,,1,2,,0,3,0,0,7,,,2,0,1,,1,1,5,,1,1,1,,0,0,,,5,0,1,3,2,,0,,0,,2,1,4,2,,,,0,,,
2012_11,15411,,0,0,0,0,,,0,1,,0,0,2,0,7,,,9,0,1,,1,1,0,,3,0,1,,1,3,,,2,0,0,1,6,,0,,0,,0,1,2,3,,,,0,,,
2012_10,15404,,0,0,0,0,,,0,1,,0,2,0,1,8,,,4,0,0,,1,2,8,,0,1,0,,0,1,,,4,3,0,2,4,,0,,0,,2,0,5,0,,,,0,,,
2012_09,15397,,0,0,0,1,,,1,0,,0,2,0,0,7,,,11,0,4,,0,3,8,,5,1,3,,1,1,,,20,0,0,3,0,,0,,0,,2,0,2,2,,,,0,,,
2012_08,15390,,1,0,0,1,,,1,3,,0,1,3,1,11,,,12,1,6,,0,4,13,,1,0,0,,3,3,,,5,1,0,1,6,,0,,0,,5,1,3,6,,,,0,,,
2012_07,15383,,0,0,1,0,,,2,2,,,0,2,0,8,,,8,2,1,,0,1,9,,4,1,3,,0,5,,,2,1,1,2,2,,0,,0,,1,0,2,2,,,,0,,,
2012_06,15376,,0,0,0,0,,,1,2,,0,2,5,0,10,,,7,0,6,,3,0,16,,2,0,1,,0,2,,,7,0,0,0,1,,5,,0,,1,0,5,10,,,,0,,,
2012_05,15369,,0,1,2,0,,,3,2,,0,1,1,1,10,,,5,2,6,,2,0,10,,11,3,1,,0,1,,,2,0,0,2,6,,8,,0,,2,1,3,13,,,,1,,,
2012_04,15362,,0,0,0,0,,,0,3,,0,1,3,0,18,,,4,0,1,,2,3,7,,4,0,1,,0,0,,,2,3,0,1,8,,3,,0,,0,1,7,4,,,,0,,,
2012_03,15355,,0,0,0,0,,,0,0,,0,2,1,0,8,,,4,0,2,,0,1,7,,10,1,1,,1,1,,,3,2,0,0,3,,3,,0,,2,1,7,1,,,,0,,,
2012_02,15348,,0,0,0,0,,,2,1,,1,3,1,0,13,,,4,0,1,,1,1,6,,5,2,0,,0,4,,,0,1,0,0,9,,2,,0,,0,3,7,2,,,,0,,,
2012_01,15341,,0,0,0,0,,,1,2,,0,1,0,0,8,,,3,0,1,,1,4,11,,5,1,1,,0,0,,,1,0,0,0,5,,8,,0,,0,1,2,2,,,,0,,,
2011_52,15334,,0,0,0,0,,,0,3,,0,2,0,0,14,,,1,0,2,,0,1,13,,7,2,3,,6,1,,,4,0,0,0,1,,1,,0,,3,0,4,2,,,,0,,,
2011_51,15327,,0,1,0,0,,,2,2,,0,2,2,,12,,,5,0,0,,0,0,7,,8,5,1,,1,0,,,3,0,0,2,3,,6,,0,,0,1,1,2,,,,0,,,
2011_50,15320,,0,0,0,0,,,1,1,,1,4,3,0,19,,,2,0,0,,3,4,10,,2,6,1,,1,2,,,2,2,1,0,7,,4,,0,,2,0,3,1,,,,0,,,
2011_49,15313,,1,0,1,0,,,1,2,,0,3,1,0,4,,,4,0,3,,0,1,13,,5,0,4,,1,6,,,2,1,5,0,6,,5,,0,,1,0,3,1,,,,0,,,
2011_48,15306,,0,0,0,2,,,0,2,,0,0,1,3,4,,,5,0,2,,2,4,19,,4,4,1,,2,0,,,1,1,3,2,10,,2,,0,,6,0,4,2,,,,0,,,
2011_47,15299,,0,0,0,1,,,2,1,,0,0,3,0,4,,,3,0,0,,1,0,16,,1,5,1,,2,2,,,2,2,4,3,9,,1,,0,,0,0,3,4,,,,0,,,
2011_46,15292,,1,0,0,0,,,3,0,,0,2,3,1,1,,,0,0,3,,0,2,13,,1,0,1,,1,6,,,0,4,0,0,7,,0,,0,,1,0,3,5,,,,1,,,
2011_45,15285,,0,0,0,0,,,1,2,,1,3,5,0,5,,,1,0,4,,1,2,9,,0,0,2,,0,0,,,1,0,0,0,4,,0,,0,,3,0,6,4,,,,0,,,
2011_44,15278,,0,0,1,0,,,0,1,,1,0,0,0,0,,,2,0,2,,1,1,2,,1,0,2,,1,2,,,1,2,0,3,4,,0,,0,,1,0,0,1,,,,0,,,
2011_43,15271,,0,0,0,0,,,3,2,,0,0,4,3,3,,,7,0,2,,1,4,13,,2,1,0,,0,1,,,2,4,0,1,11,,2,,0,,0,0,1,0,,,,0,,,
2011_42,15264,,0,1,0,0,,,2,0,,0,0,2,1,3,,,2,0,2,,0,0,6,,0,4,0,,0,0,,,2,0,0,2,3,,1,,0,,0,0,1,2,,,,0,,,
2011_41,15257,,0,0,2,0,,,1,2,,0,1,3,1,1,,,5,0,1,,1,0,7,,3,1,0,,3,0,,,3,1,0,0,2,,0,,0,,0,0,1,0,,,,0,,,
2011_40,15250,,0,1,1,0,,,3,0,,1,0,1,0,2,,,10,0,1,,0,1,4,,2,2,0,,0,0,,,1,2,0,2,0,,0,,0,,7,0,1,1,,,,1,,,
2011_39,15243,,0,0,1,0,,,1,2,,0,15,0,0,4,,,19,0,1,,0,2,6,,1,0,2,,1,1,,,1,0,0,0,4,,0,,0,,1,0,1,0,,,,0,,,
2011_38,15236,,0,0,1,0,,,1,1,,0,14,0,0,6,,,,0,1,,0,1,8,,0,2,0,,0,0,,,2,3,2,1,2,,0,,0,,1,1,2,0,,,,0,,,
2011_37,15229,,0,0,1,0,,,1,1,,0,14,0,0,10,,,,0,1,,0,2,5,,0,2,0,,0,0,,,2,0,0,0,2,,0,,0,,2,0,7,1,,,,0,,,
2011_36,15222,,0,0,0,0,,,3,0,,0,11,1,0,7,,,,0,0,,0,1,6,,0,1,1,,1,0,,,,0,0,0,11,,0,,0,,2,0,4,3,,,,1,,,
2011_35,15215,,1,0,1,0,,,0,1,,0,8,0,0,11,,,,0,1,,0,0,9,,0,0,2,,0,0,,,,1,0,0,3,,0,,0,,4,0,1,0,,,,0,,,
2011_34,15208,,0,0,1,0,,,0,0,,0,7,0,0,6,,,,0,0,,0,1,2,,0,0,0,,0,0,,,,3,0,1,2,,1,,0,,2,0,4,0,,,,0,,,
2011_33,15201,,0,0,0,0,,,3,0,,0,5,,0,13,,,,0,1,,0,1,9,,0,0,0,,0,0,,,,2,0,1,5,,0,,0,,1,0,2,1,,,,0,,,
2011_32,15194,,1,0,0,0,,,1,0,,0,5,,0,13,,,,0,2,,0,6,3,,0,1,2,,0,0,,,,2,0,2,7,,0,,0,,4,0,0,0,,,,0,,,
2011_31,15187,,1,0,1,1,,,0,0,,0,2,,2,7,,,,0,5,,0,2,13,,1,3,1,,0,0,,,,0,0,1,6,,0,,0,,2,1,1,1,,,,0,,,
2011_30,15180,,0,1,0,0,,,0,0,,0,0,,0,4,,,,0,1,,0,3,1,,1,0,1,,1,0,,,,3,0,0,15,,0,,0,,1,0,0,0,,,,0,,,
2011_29,15173,,0,0,0,0,,,0,1,,0,2,,0,8,,,,0,3,,0,2,1,,0,1,0,,0,0,,,,1,0,2,5,,0,,0,,2,0,8,0,,,,0,,,
2011_28,15166,,0,0,0,0,,,1,1,,0,0,,0,3,,,,0,2,,3,2,10,,0,0,0,,0,1,,,,2,0,1,0,,0,,0,,3,1,1,0,,,,0,,,
2011_27,15159,,0,0,0,0,,,0,1,,0,0,,0,1,,,,0,2,,0,2,5,,0,0,0,,1,0,,,,9,1,0,4,,1,,0,,0,3,3,0,,,,0,,,
2011_26,15152,,0,0,1,1,,,0,2,,2,0,,1,1,,,,0,3,,0,1,0,,0,1,4,,0,1,,,,8,1,0,0,,0,,0,,1,0,1,1,,,,0,,,
2011_25,15145,,0,0,1,0,,,0,0,,1,0,,1,0,,,,0,1,,1,4,7,,0,1,1,,0,1,,,,2,0,1,10,,0,,0,,1,0,2,0,,,,0,,,
2011_24,15138,,0,0,1,0,,,1,0,,0,2,,1,3,,,,0,2,,0,3,6,,0,0,0,,0,0,,,,9,0,0,6,,0,,0,,2,1,1,1,,,,0,,,
2011_23,15131,,1,0,0,0,,,1,1,,0,1,,0,2,,,,0,0,,0,2,3,,0,1,0,,3,1,,,,8,0,0,1,,0,,0,,3,0,0,1,,,,0,,,
2011_22,15124,,0,0,0,0,,,0,2,,0,3,,0,1,,,,0,1,,0,0,1,,0,0,0,,1,0,,,,6,0,0,6,,0,,0,,1,2,0,0,,,,0,,,
2011_21,15117,,0,0,0,0,,,1,2,,0,2,,0,2,,,,0,1,,2,2,4,,0,1,1,,0,0,,,,5,0,0,3,,0,,0,,5,1,0,0,,,,0,,,
2011_20,15110,,0,0,0,0,,,6,0,,2,2,,0,1,,,,0,2,,0,2,16,,0,1,0,,1,2,,,,0,0,0,10,,0,,0,,0,0,0,0,,,,0,,,
2011_19,15103,,0,0,0,0,,,3,0,,3,5,,0,1,,,,0,0,,0,1,12,,1,0,2,,0,0,,,,5,0,0,4,,0,,0,,4,0,0,0,,,,0,,,
2011_18,15096,,0,0,2,0,,,3,0,,0,0,,0,1,,,,0,2,,0,1,5,,0,0,0,,1,0,,,,0,0,0,7,,0,,0,,1,0,2,3,,,,0,,,
2011_17,15089,,0,0,0,0,,,2,0,,0,6,,1,2,,,,0,0,,0,0,4,,0,0,1,,0,2,,,,1,1,0,5,,0,,0,,2,2,1,0,,,,0,,,
2011_16,15082,,0,0,0,0,,,0,2,,0,1,,1,2,,,,0,0,,0,2,3,,0,1,1,,1,0,,,,6,0,1,3,,0,,0,,0,1,1,1,,,,0,,,
2011_15,15075,,1,0,0,1,,,1,1,,0,0,,0,5,,,,0,2,,1,1,5,,1,1,0,,2,0,,,,8,1,2,2,,0,,0,,0,0,1,2,,,,0,,,
2011_14,15068,,0,0,0,0,,,0,0,,3,1,,0,3,,,,0,0,,0,1,3,,0,2,2,,2,0,,,,5,1,0,3,,0,,0,,0,0,2,1,,,,0,,,
2011_13,15061,,0,0,0,1,,,1,5,,0,1,,0,3,,,,1,1,,1,1,3,,0,0,1,,0,2,,,,3,4,0,5,,0,,0,,1,0,1,0,,,,0,,,
2011_12,15054,,0,1,0,0,,,0,5,,0,2,,1,5,,,,0,1,,0,0,2,,2,0,0,,0,6,,,,5,0,1,1,,1,,0,,1,0,3,2,,,,0,,,
2011_11,15047,,1,1,0,1,,,1,1,,0,0,,1,1,,,,0,0,,2,1,2,,0,3,0,,4,3,,,,7,2,2,6,,0,,0,,0,1,1,2,,,,0,,,
2011_10,15040,,0,0,0,0,,,1,0,,1,0,,0,7,,,,0,0,,0,2,1,,0,2,1,,2,1,,,,1,3,1,4,,1,,0,,1,0,1,3,,,,0,,,
2011_09,15033,,0,0,1,0,,,3,1,,1,0,,0,3,,,,1,1,,0,1,4,,1,1,0,,0,3,,,,3,1,2,3,,0,,0,,1,0,0,7,,,,0,,,
2011_08,15026,,0,0,0,0,,,0,2,,0,1,,1,5,,,,0,0,,0,0,4,,0,0,0,,0,6,,,,5,0,1,4,,0,,0,,2,0,2,1,,,,0,,,
2011_07,15019,,1,0,0,0,,,0,1,,2,1,,0,4,,,,0,2,,0,0,4,,0,1,0,,2,3,,,,3,0,3,3,,4,,0,,4,0,4,1,,,,0,,,
2011_06,15012,,0,1,0,0,,,0,2,,0,1,,0,7,,,,1,3,,0,1,2,,0,0,1,,1,4,,,,8,0,2,10,,2,,0,,2,2,3,5,,,,0,,,
2011_05,15005,,0,0,1,0,,,0,1,,0,0,,0,6,,,,2,2,,0,0,2,,1,0,2,,1,1,,,,3,0,3,12,,0,,1,,5,0,6,5,,,,0,,,
2011_04,14998,,1,0,1,0,,,0,1,,0,1,,0,2,,,,1,1,,1,3,7,,0,1,1,,3,0,,,,4,0,2,17,,0,,0,,3,1,3,5,,,,0,,,
2011_03,14991,,1,0,2,0,,,1,0,,0,0,,0,3,,,,0,4,,2,6,5,,0,2,3,,3,2,,,,7,0,3,27,,3,,1,,2,2,7,3,,,,0,,,
2011_02,14984,,1,0,1,0,,,0,2,,1,0,,0,0,,,,0,2,,0,5,8,,1,4,2,,0,1,,,,3,1,1,18,,3,,0,,4,4,5,2,,,,0,,,
2011_01,14977,,1,0,2,0,,,0,0,,0,0,,0,8,,,,0,1,,0,1,9,,0,5,6,,1,0,,,,8,0,4,17,,4,,0,,5,1,1,1,,,,0,,,
2010_52,14970,,0,2,2,0,,,1,0,,0,0,,0,9,,,,0,1,,0,2,9,,0,5,7,,1,1,,,,8,3,0,17,,0,,0,,3,0,1,3,,,,0,,,
2010_51,14963,,0,1,1,1,,,1,0,,0,0,,2,8,,,,0,1,,1,3,9,,0,2,3,,1,0,,,,1,1,1,17,,2,,0,,4,1,1,1,,,,0,,,
2010_50,14956,,0,0,1,0,,,1,3,,1,1,,0,9,,,,0,1,,0,0,6,,0,1,1,,4,0,,,,10,2,1,8,,0,,0,,3,4,0,1,,,,0,,,
2010_49,14949,,,1,0,0,,,2,0,,0,2,,0,5,,,,0,1,,1,0,6,,0,3,3,,0,1,,,,8,2,0,10,,0,,0,,3,0,1,4,,,,0,,,
2010_48,14942,,,0,1,0,,,1,0,,0,2,,0,5,,,,0,1,,0,0,13,,0,2,0,,2,3,,,,5,1,4,9,,0,,0,,4,1,1,5,,,,0,,,
2010_47,14935,,1,0,0,0,,,1,0,,0,0,,1,4,,,,0,3,,0,0,4,,1,2,2,,1,3,,,,5,0,5,5,,1,,0,,7,0,2,5,,,,0,,,
2010_46,14928,,0,0,1,0,,,1,0,,0,0,,0,1,,,,0,2,,0,0,7,,2,1,2,,1,0,,,,8,0,0,6,,0,,0,,3,0,0,2,,,,0,,,
2010_45,14921,,0,0,0,2,,,0,4,,1,0,,0,1,,,,0,3,,1,0,3,,0,1,0,,1,0,,,,6,0,1,17,,0,,0,,5,1,3,1,,,,0,,,
2010_44,14914,,0,0,0,0,,,1,2,,0,0,,0,0,,,,0,1,,0,0,9,,0,1,0,,1,0,,,,3,1,0,5,,1,,1,,1,0,2,4,,,,0,,,
2010_43,14907,,0,1,0,1,,,0,7,,1,0,,0,12,,,,0,0,,0,4,7,,0,2,1,,1,0,,,,11,1,2,5,,1,,0,,3,0,1,1,,,,0,,,
2010_42,14900,,0,1,0,0,,,2,2,,2,1,,0,5,,,,0,1,,1,0,8,,0,1,2,,0,0,,,,6,3,0,7,,0,,0,,1,0,4,5,,,,0,,,
2010_41,14893,,0,0,1,1,,,4,3,,0,0,,1,6,,,,0,0,,1,2,6,,2,2,0,,0,0,,,,3,0,0,4,,0,,0,,3,0,2,5,,,,0,,,
2010_40,14886,,0,0,0,0,,,2,,,0,0,,0,4,,,,0,0,,0,0,2,,0,3,1,,1,0,,,,4,2,2,2,,2,,0,,4,0,3,1,,,,0,,,
2010_39,14879,,0,1,0,0,,,1,,,0,0,,0,4,,,,0,0,,0,2,6,,1,1,2,,0,0,,,,7,0,1,5,,0,,0,,2,0,1,0,,,,0,,,
2010_38,14872,,0,0,0,0,,,1,,,0,0,,1,5,,,,0,0,,0,1,9,,1,1,5,,1,0,,,,4,0,2,7,,2,,0,,1,0,3,7,,,,0,,,
2010_37,14865,,0,0,2,0,,,2,,,4,0,,1,4,,,,0,0,,0,1,7,,1,2,0,,0,0,,,,2,0,0,0,,2,,0,,1,1,0,1,,,,0,,,
2010_36,14858,,0,0,0,0,,,3,,,3,0,,0,5,,,,0,0,,1,0,11,,0,3,0,,0,0,,,,2,0,0,7,,1,,0,,3,0,1,2,,,,0,,,
2010_35,14851,,0,0,0,0,,,0,,,0,0,,0,4,,,,0,0,,1,0,5,,0,4,4,,0,0,,,,3,1,1,5,,0,,0,,1,0,1,0,,,,0,,,
2010_34,14844,,0,1,1,0,,,0,,,0,,,4,3,,,,0,1,,0,0,5,,0,1,1,,0,0,,,,3,,0,9,,0,,0,,4,0,5,0,,,,0,,,
2010_33,14837,,0,0,0,0,,,1,,,0,0,,0,10,,,,1,1,,0,2,10,,0,0,3,,1,0,,,,2,,1,7,,5,,0,,1,1,4,0,,,,0,,,
2010_32,14830,,0,0,2,0,,,0,,,0,,,0,11,,,,0,0,,0,3,8,,0,1,0,,0,0,,,,1,,1,3,,2,,,,3,0,1,1,,,,0,,,
2010_31,14823,,0,0,4,0,,,0,,,0,,,0,2,,,,0,4,,0,3,9,,0,2,2,,0,0,,,,6,,0,3,,1,,0,,3,0,3,1,,,,0,,,
2010_30,14816,,1,0,2,0,,,1,,,0,1,,0,7,,,,0,7,,0,0,9,,0,1,2,,0,0,,,,6,,5,5,,2,,0,,8,1,1,5,,,,0,,,
2010_29,14809,,0,0,4,,,,0,,,0,1,,0,4,,,,0,3,,0,1,4,,0,3,0,,0,0,,,,5,,1,2,,3,,0,,2,3,2,3,,,,0,,,
2010_28,14802,,0,0,5,,,,0,,,0,0,,0,11,,,,0,1,,0,0,2,,0,0,2,,0,0,,,,5,,,7,,1,,,,5,1,1,1,,,,0,,,
2010_27,14795,,0,0,0,,,,0,,,0,,,0,7,,,,0,1,,0,3,7,,0,3,3,,0,0,,,,4,,,10,,0,,0,,0,0,3,2,,,,0,,,
2010_26,14788,,0,0,1,,,,0,,,0,,,0,8,,,,0,0,,0,0,7,,2,2,1,,0,0,,,,7,,,8,,2,,0,,3,0,4,3,,,,0,,,
2010_25,14781,,0,0,0,,,,0,,,0,,,0,1,,,,0,0,,0,0,5,,0,4,4,,1,0,,,,4,,,5,,1,,,,7,0,3,1,,,,0,,,
2010_24,14774,,,0,2,,,,1,,,2,,,0,2,,,,0,1,,1,1,9,,1,1,5,,0,0,,,,6,,,7,,0,,,,12,1,4,5,,,,0,,,
2010_23,14767,,2,0,3,,,,3,,,0,,,0,1,,,,0,1,,2,2,1,,2,1,1,,0,0,,,,8,,,11,,0,,,,1,0,2,6,,,,0,,,
2010_22,14760,,0,1,1,,,,0,,,0,,,0,0,,,,0,1,,0,3,3,,0,0,2,,1,0,,,,13,,,3,,0,,,,12,1,1,5,,,,0,,,
2010_21,14753,,0,,0,,,,0,,,0,,,0,3,,,,0,5,,1,0,5,,1,0,3,,2,0,,,,5,,,0,,0,,0,,7,0,0,0,,,,0,,,
2010_20,14746,,0,1,1,,,,4,,,1,,,0,7,,,,0,6,,0,2,4,,0,0,3,,0,0,,,,5,,,0,,2,,,,6,0,3,4,,,,0,,,
2010_19,14739,,0,3,0,,,,0,,,0,,,0,3,,,,0,3,,0,0,6,,1,1,2,,0,0,,,,3,,,3,,0,,,,8,2,2,4,,,,0,,,
2010_18,14732,,0,1,1,,,,0,,,0,,,0,7,,,,0,0,,0,2,19,,0,4,0,,2,0,,,,2,,,6,,0,,,,5,0,2,1,,,,0,,,
2010_17,14725,,0,0,3,,,,4,,,0,,,0,8,,,,0,1,,1,1,8,,1,1,,,0,0,,,,4,,,5,,1,,0,,5,1,1,3,,,,0,,,
2010_16,14718,,0,0,0,,,,2,,,0,,,0,4,,,,0,2,,1,0,14,,1,2,,,0,0,,,,4,,,3,,1,,0,,5,1,0,1,,,,0,,,
2010_15,14711,,0,0,0,,,,0,,,0,,,1,2,,,,0,1,,2,0,6,,0,1,,,0,2,,,,2,,,12,,0,,0,,0,0,0,0,,,,0,,,
2010_14,14704,,1,0,0,,,,2,,,0,,,0,5,,,,0,3,,1,0,5,,0,1,,,0,0,,,,4,,,9,,2,,0,,1,0,1,1,,,,0,,,
2010_13,14697,,0,0,0,,,,1,,,0,,,0,3,,,,0,1,,0,0,15,,0,3,,,0,0,,,,1,,,10,,0,,0,,3,1,1,0,,,,0,,,
2010_12,14690,,0,,0,,,,0,,,0,,,0,,,,,0,1,,0,0,7,,0,0,,,0,0,,,,,,,7,,2,,0,,8,0,1,0,,,,0,,,
2010_11,14683,,0,,0,,,,1,,,0,,,0,3,,,,0,4,,0,0,12,,0,3,,,0,1,,,,0,,,7,,3,,,,0,0,1,1,,,,0,,,
2010_10,14676,,0,,0,,,,0,,,0,,,0,7,,,,0,0,,0,0,9,,1,3,,,0,0,,,,2,,,5,,2,,0,,7,0,1,0,,,,0,,,
2010_09,14669,,0,1,1,,,,0,,,0,,,0,10,,,,0,0,,0,0,11,,0,2,,,0,1,,,,0,,,12,,4,,0,,0,1,2,0,,,,0,,,
2010_08,14662,,0,,1,,,,0,,,4,,,0,7,,,,0,2,,0,,8,,2,0,,,2,6,,,,1,,,12,,2,,,,3,0,1,0,,,,0,,,
2010_07,14655,,0,,0,,,,3,,,0,,,0,13,,,,0,0,,1,1,8,,0,1,,,0,9,,,,5,,,8,,1,,,,6,2,1,2,,,,0,,,
2010_06,14648,,0,,0,,,,1,,,0,,,0,29,,,,0,2,,0,0,15,,3,3,,,0,,,,,2,,,4,,2,,,,5,0,0,4,,,,0,,,
2010_05,14641,,0,0,0,,,,0,,,0,,,0,17,,,,0,1,,1,0,13,,1,2,,,0,,,,,7,,,4,,7,,,,4,0,2,5,,,,0,,,
2010_04,14634,,0,0,0,,,,2,,,0,,,1,8,,,,0,0,,1,1,13,,0,2,,,0,,,,,7,,,4,,5,,,,2,0,3,6,,,,0,,,
2010_03,14627,,0,0,0,,,,1,,,3,,,1,5,,,,0,1,,0,0,4,,0,2,,,0,,,,,3,,,6,,6,,,,0,0,0,7,,,,0,,,
2010_02,14620,,0,0,0,,,,0,,,0,,,0,0,,,,0,2,,0,1,14,,0,1,,,1,,,,,6,,,7,,2,,,,3,2,2,5,,,,0,,,
2010_01,14613,,0,0,0,,,,2,,,0,,,0,5,,,,0,0,,1,2,7,,4,1,,,0,,,,,4,,,5,,4,,,,3,0,1,3,,,,0,,,
2009_53,14606,,0,0,0,,,,0,,,0,,,0,2,,,,0,2,,0,0,7,,4,1,,,1,,,,,9,,,5,,0,,,,5,0,1,4,,,,0,,,
2009_52,14599,,0,1,0,,,,0,,,0,,,0,3,,,,0,1,,1,4,5,,0,3,,,2,,,,,5,,,20,,4,,,,3,0,0,1,,,,0,,,
2009_51,14592,,0,0,0,,,,0,,,0,,,0,7,,,,0,0,,1,3,4,,0,4,,,3,,,,,7,,,20,,0,,,,4,1,0,0,,,,0,,,
2009_50,14585,,0,0,0,,,,12,,,1,,,0,3,,,,0,4,,0,1,6,,1,5,,,2,,,,,9,,,15,,3,,,,5,2,3,7,,,,0,,,
2009_49,14578,,0,0,0,,,,1,,,0,,,0,7,,,,0,1,,3,6,8,,1,4,,,0,,,,,8,,,17,,2,,,,3,6,1,13,,,,0,,,
2009_48,14571,,0,1,0,,,,11,,,0,,,0,6,,,,0,3,,1,1,2,,0,3,,,1,,,,,3,,,39,,3,,,,7,2,1,16,,,,0,,,
2009_47,14564,,1,0,0,,,,4,,,0,,,0,3,,,,0,2,,0,1,3,,0,5,,,2,,,,,9,,,24,,3,,,,4,2,1,13,,,,0,,,
2009_46,14557,,0,1,0,,,,8,,,0,,,0,3,,,,0,2,,1,0,3,,0,3,,,2,,,,,9,,,14,,1,,,,8,1,4,17,,,,0,,,
2009_45,14550,,0,0,0,,,,4,,,0,,,2,6,,,,0,1,,2,1,4,,0,0,,,0,,,,,17,,,4,,1,,,,9,1,3,7,,,,0,,,
2009_44,14543,,0,3,0,,,,1,,,2,,,1,1,,,,0,1,,2,0,3,,0,1,,,0,,,,,9,,,9,,1,,,,5,0,1,4,,,,0,,,
2009_43,14536,,0,0,0,,,,3,,,0,,,0,5,,,,0,2,,0,2,7,,0,1,,,1,,,,,11,,,11,,1,,,,3,0,0,4,,,,0,,,
2009_42,14529,,0,0,0,,,,1,,,0,,,0,11,,,,0,0,,0,1,10,,2,1,,,0,,,,,12,,,7,,3,,,,6,0,0,2,,,,0,,,
2009_41,14522,,0,1,0,,,,2,,,0,,,0,2,,,,0,0,,1,2,7,,0,2,,,1,,,,,3,,,10,,1,,,,1,0,0,5,,,,0,,,
2009_40,14515,,0,0,0,,,,4,,,0,,,0,14,,,,0,0,,1,0,2,,0,2,,,0,,,,,7,,,18,,1,,,,4,0,0,2,,,,0,,,
2009_39,14508,,1,0,0,,,,2,,,0,,,0,5,,,,0,0,,0,1,6,,0,1,,,0,,,,,0,,,8,,3,,,,3,0,0,3,,,,0,,,
2009_38,14501,,0,0,0,,,,1,,,0,,,0,8,,,,0,0,,2,0,10,,0,1,,,1,,,,,5,,,4,,2,,,,0,0,0,2,,,,0,,,
2009_37,14494,,0,0,0,,,,6,,,0,,,0,3,,,,0,0,,1,0,4,,4,3,,,0,,,,,7,,,1,,0,,,,3,0,0,0,,,,0,,,
2009_36,14487,,0,0,0,,,,2,,,0,,,0,5,,,,0,1,,0,0,6,,1,5,,,1,,,,,2,,,2,,2,,,,4,0,0,3,,,,0,,,
2009_35,14480,,0,0,0,,,,4,,,0,,,0,11,,,,0,0,,0,0,4,,4,1,,,0,,,,,0,,,9,,6,,,,5,0,0,0,,,,0,,,
2009_34,14473,,0,1,0,,,,0,,,0,,,0,5,,,,0,1,,1,1,0,,0,0,,,0,,,,,2,,,13,,5,,,,1,0,0,0,,,,0,,,
2009_33,14466,,0,1,0,,,,0,,,0,,,0,4,,,,0,1,,0,1,1,,1,2,,,0,,,,,2,,,4,,4,,,,7,1,0,0,,,,0,,,
2009_32,14459,,0,0,0,,,,1,,,0,,,0,0,,,,0,0,,2,0,2,,0,3,,,0,,,,,6,,,3,,2,,,,4,0,0,0,,,,0,,,
2009_31,14452,,1,0,0,,,,1,,,0,,,0,5,,,,0,0,,0,0,2,,0,6,,,1,,,,,5,,,0,,5,,,,3,0,0,2,,,,0,,,
2009_30,14445,,0,0,0,,,,2,,,0,,,0,0,,,,0,0,,1,2,4,,0,1,,,0,,,,,4,,,9,,5,,,,5,0,0,1,,,,0,,,
2009_29,14438,,0,2,0,,,,0,,,0,,,0,0,,,,0,2,,1,3,4,,0,4,,,0,,,,,7,,,1,,2,,,,2,0,0,7,,,,0,,,
2009_28,14431,,0,0,0,,,,1,,,0,,,0,0,,,,1,10,,0,2,0,,0,1,,,1,,,,,3,,,0,,0,,,,1,1,0,4,,,,0,,,
2009_27,14424,,0,0,0,,,,0,,,0,,,1,0,,,,0,9,,0,0,1,,1,2,,,0,,,,,9,,,4,,8,,,,2,1,0,4,,,,0,,,
2009_26,14417,,0,1,0,,,,1,,,0,,,0,0,,,,0,2,,0,1,0,,0,2,,,0,,,,,6,,,3,,0,,,,0,2,2,0,,,,0,,,
2009_25,14410,,0,2,0,,,,3,,,0,,,0,0,,,,1,1,,0,2,2,,2,6,,,1,,,,,8,,,5,,2,,,,2,1,0,0,,,,0,,,
2009_24,14403,,1,1,0,,,,1,,,0,,,0,0,,,,0,1,,0,1,1,,1,6,,,0,,,,,7,,,6,,2,,,,0,2,0,5,,,,0,,,
2009_23,14396,,0,2,0,,,,1,,,0,,,0,0,,,,0,0,,2,5,1,,0,0,,,0,,,,,11,,,9,,2,,,,6,3,1,4,,,,0,,,
2009_22,14389,,,0,0,,,,2,,,0,,,0,0,,,,0,0,,4,0,3,,4,3,,,0,,,,,13,,,,,0,,,,13,1,2,5,,,,0,,,
2009_21,14382,,,0,0,,,,1,,,0,,,0,0,,,,0,0,,1,0,1,,1,1,,,0,,,,,13,,,,,4,,,,1,0,0,0,,,,0,,,
2009_20,14375,,,3,0,,,,2,,,0,,,0,0,,,,0,0,,4,0,5,,1,0,,,0,,,,,9,,,,,1,,,,10,0,0,2,,,,0,,,
2009_19,14368,,,,0,,,,1,,,0,,,0,0,,,,0,2,,1,1,4,,0,0,,,1,,,,,9,,,,,2,,,,5,0,3,4,,,,0,,,
2009_18,14361,,,,0,,,,0,,,0,,,0,0,,,,0,0,,0,0,5,,0,0,,,0,,,,,3,,,,,1,,,,0,0,0,0,,,,0,,,
2009_17,14354,,,,0,,,,0,,,0,,,1,0,,,,0,0,,2,1,9,,1,1,,,0,,,,,8,,,,,4,,,,2,1,0,6,,,,,,,
2009_16,14347,,,,0,,,,1,,,1,,,0,0,,,,0,0,,1,0,1,,0,2,,,2,,,,,1,,,,,2,,,,2,2,0,2,,,,0,,,
2009_15,14340,,,,0,,,,1,,,2,,,2,0,,,,0,1,,0,0,0,,1,,,,0,,,,,2,,,,,1,,,,1,2,0,3,,,,0,,,
2009_14,14333,,,,0,,,,3,,,0,,,1,0,,,,0,2,,1,0,1,,4,,,,0,,,,,4,,,,,3,,,,5,3,1,5,,,,0,,,
2009_13,14326,,,,0,,,,1,,,0,,,,0,,,,0,1,,1,0,0,,1,,,,0,,,,,0,,,,,2,,,,6,0,0,3,,,,0,,,
2009_12,14319,,,,0,,,,2,,,1,,,,0,,,,0,1,,0,3,1,,1,,,,0,,,,,5,,,,,2,,,,2,2,3,6,,,,0,,,
2009_11,14312,,,,0,,,,0,,,1,,,,0,,,,0,2,,0,2,6,,2,,,,0,,,,,3,,,,,2,,,,2,1,0,7,,,,0,,,
2009_10,14305,,,,0,,,,2,,,1,,,,0,,,,0,2,,0,0,1,,3,,,,0,,,,,3,,,,,3,,,,0,2,3,0,,,,0,,,
2009_09,14298,,,,0,,,,1,,,1,,,,0,,,,0,2,,0,2,0,,5,,,,0,,,,,12,,,,,4,,,,2,2,2,8,,,,0,,,
2009_08,14291,,,,3,,,,1,,,0,,,,0,,,,0,0,,1,2,3,,12,,,,0,,,,,9,,,,,3,,,,3,5,6,0,,,,0,,,
2009_07,14284,,,,0,,,,2,,,1,,,,3,,,,0,2,,1,0,2,,5,,,,0,,,,,4,,,,,7,,,,2,3,6,3,,,,0,,,
2009_06,14277,,,,0,,,,4,,,3,,,,4,,,,0,2,,1,2,3,,7,,,,0,,,,,7,,,,,0,,,,2,4,0,6,,,,,,,
2009_05,14270,,,,0,,,,1,,,4,,,,9,,,,0,1,,1,0,5,,3,,,,,,,,,8,,,,,0,,,,3,3,3,1,,,,,,,
2009_04,14263,,,,0,,,,0,,,,,,,15,,,,0,2,,0,2,4,,3,,,,,,,,,4,,,,,4,,,,4,1,0,3,,,,,,,
2009_03,14256,,,,0,,,,3,,,,,,,14,,,,0,4,,0,1,4,,4,,,,,,,,,5,,,,,,,,,4,4,2,3,,,,,,,
2009_02,14249,,,,0,,,,3,,,,,,,11,,,,0,2,,1,3,1,,2,,,,,,,,,9,,,,,,,,,3,6,1,2,,,,,,,
2009_01,14242,,,,0,,,,1,,,,,,,9,,,,0,3,,1,0,6,,1,,,,,,,,,1,,,,,,,,,3,2,0,5,,,,,,,
2008_52,14235,,,,0,,,,3,,,,,,,8,,,,0,5,,0,2,3,,3,,,,,,,,,4,,,,,,,,,4,7,1,1,,,,,,,
2008_51,14228,,,,0,,,,4,,,,,,,9,,,,0,2,,3,5,4,,1,,,,,,,,,5,,,,,,,,,3,4,1,6,,,,,,,
2008_50,14221,,,,1,,,,1,,,,,,,12,,,,0,1,,1,7,4,,0,,,,,,,,,7,,,,,,,,,0,2,1,7,,,,,,,
2008_49,14214,,,,0,,,,3,,,,,,,14,,,,1,4,,1,13,1,,0,,,,,,,,,12,,,,,,,,,0,3,1,1,,,,,,,
2008_48,14207,,,,0,,,,1,,,,,,,29,,,,0,4,,3,11,5,,0,,,,,,,,,10,,,,,,,,,5,3,3,3,,,,,,,
2008_47,14200,,,,0,,,,0,,,,,,,21,,,,0,4,,1,6,4,,0,6,,,,,,,,6,,,,,,,,,4,0,1,1,,,,,,,
2008_46,14193,,,,0,,,,1,,,,,,,10,,,,1,6,,0,5,2,,3,2,,,,,,,,7,,,,,,,,,2,1,3,2,,,,,,,
2008_45,14186,,,,0,,,,5,,,,,,,14,,,,0,2,,1,2,3,,0,4,,,,,,,,15,,,,,,,,,2,0,0,2,,,,,,,
2008_44,14179,,,,0,,,,1,,,,,,,11,,,,0,2,,4,2,5,,1,1,,,,,,,,5,,,,,,,,,1,1,1,1,,,,,,,
2008_43,14172,,,,0,,,,4,,,,,,,6,,,,0,0,,0,1,1,,0,2,,,,,,,,10,,,,,,,,,0,2,3,0,,,,,,,
2008_42,14165,,,,0,,,,11,,,,,,,6,,,,0,0,,6,1,1,,0,8,,,,,,,,6,,,,,,,,,3,3,3,3,,,,,,,
2008_41,14158,,,,0,,,,4,,,,,,,4,,,,0,5,,3,3,1,,0,2,,,,,,,,4,,,,,,,,,0,3,3,2,,,,,,,
2008_40,14151,,,,0,,,,6,,,,,,,7,,,,0,2,,1,0,3,,2,4,,,,,,,,4,,,,,,,,,0,3,2,0,,,,,,,
2008_39,14144,,,,0,,,,6,,,,,,,6,,,,0,0,,0,0,1,,0,1,,,,,,,,9,,,,,,,,,3,3,3,2,,,,,,,
2008_38,14137,,,,0,,,,3,,,,,,,4,,,,0,3,,2,1,1,,0,3,,,,,,,,4,,,,,,,,,5,1,2,2,,,,,,,
2008_37,14130,,,,0,,,,4,,,,,,,0,,,,0,4,,3,0,1,,0,0,,,,,,,,1,,,,,,,,,2,0,6,0,,,,,,,
2008_36,14123,,,,0,,,,,,,,,,,3,,,,0,4,,1,3,1,,0,4,,,,,,,,5,,,,,,,,,0,1,1,2,,,,,,,
2008_35,14116,,,,0,,,,,,,,,,,1,,,,0,5,,1,1,2,,1,2,,,,,,,,2,,,,,,,,,3,2,3,2,,,,,,,
2008_34,14109,,,,0,,,,,,,,,,,0,,,,0,4,,2,2,1,,0,4,,,,,,,,3,,,,,,,,,4,1,3,1,,,,,,,
2008_33,14102,,,,0,,,,,,,,,,,0,,,,0,0,,1,1,2,,0,2,,,,,,,,7,,,,,,,,,3,1,1,3,,,,,,,
2008_32,14095,,,,0,,,,,,,,,,,2,,,,0,0,,2,0,2,,0,3,,,,,,,,2,,,,,,,,,2,2,3,1,,,,,,,
2008_31,14088,,,,0,,,,,,,,,,,19,,,,0,0,,,2,0,,1,0,,,,,,,,3,,,,,,,,,2,0,9,0,,,,,,,
2008_30,14081,,,,0,,,,,,,,,,,10,,,,0,0,,,0,0,,1,2,,,,,,,,0,,,,,,,,,0,1,2,0,,,,,,,
2008_29,14074,,,,0,,,,,,,,,,,4,,,,0,2,,,0,3,,0,2,,,,,,,,1,,,,,,,,,1,2,0,1,,,,,,,
2008_28,14067,,,,0,,,,,,,,,,,9,,,,0,0,,,1,1,,2,3,,,,,,,,1,,,,,,,,,0,1,0,1,,,,,,,
2008_27,14060,,,,0,,,,,,,,,,,7,,,,0,0,,,4,6,,0,1,,,,,,,,1,,,,,,,,,,2,0,0,,,,,,,
2008_26,14053,,,,0,,,,,,,,,,,10,,,,0,0,,,1,2,,1,5,,,,,,,,0,,,,,,,,,8,0,1,1,,,,,,,
2008_25,14046,,,,0,,,,,,,,,,,10,,,,0,0,,,1,2,,5,5,,,,,,,,4,,,,,,,,,2,0,0,4,,,,,,,
2008_24,14039,,,,0,,,,,,,,,,,4,,,,0,1,,,2,1,,2,1,,,,,,,,1,,,,,,,,,7,1,1,2,,,,,,,
2008_23,14032,,,,0,,,,,,,,,,,1,,,,0,1,,,2,4,,0,3,,,,,,,,3,,,,,,,,,5,1,0,4,,,,,,,
2008_22,14025,,,,0,,,,,,,,,,,7,,,,0,0,,,0,8,,4,2,,,,,,,,3,,,,,,,,,12,1,3,2,,,,,,,
2008_21,14018,,,,0,,,,,,,,,,,2,,,,0,0,,,0,3,,3,0,,,,,,,,2,,,,,,,,,7,0,0,3,,,,,,,
2008_20,14011,,,,0,,,,,,,,,,,5,,,,0,1,,,0,5,,1,1,,,,,,,,4,,,,,,,,,4,1,0,0,,,,,,,
2008_19,14004,,,,0,,,,,,,,,,,5,,,,1,1,,,0,3,,4,0,,,,,,,,8,,,,,,,,,0,1,0,4,,,,,,,
2008_18,13997,,,,0,,,,,,,,,,,2,,,,0,0,,,0,4,,1,2,,,,,,,,6,,,,,,,,,3,0,1,0,,,,,,,
2008_17,13990,,,,0,,,,,,,,,,,4,,,,0,0,,,0,3,,1,3,,,,,,,,15,,,,,,,,,3,2,2,2,,,,,,,
2008_16,13983,,,,0,,,,,,,,,,,,,,,0,1,,,1,1,,,,,,,,,,,,,,,,,,,,,0,,4,,,,,,,
2008_15,13976,,,,0,,,,,,,,,,,,,,,0,,,,1,,,,,,,,,,,,,,,,,,,,,,,,2,,,,,,,
2008_14,13969,,,,0,,,,,,,,,,,,,,,0,,,,0,,,,,,,,,,,,,,,,,,,,,,,,0,,,,,,,
2008_13,13962,,,,0,,,,,,,,,,,,,,,1,,,,2,,,,,,,,,,,,,,,,,,,,,,,,1,,,,,,,
2008_12,13955,,,,0,,,,,,,,,,,,,,,0,,,,1,,,,,,,,,,,,,,,,,,,,,,,,4,,,,,,,
2008_11,13948,,,,0,,,,,,,,,,,,,,,2,,,,0,,,,,,,,,,,,,,,,,,,,,,,,2,,,,,,,
2008_10,13941,,,,0,,,,,,,,,,,,,,,0,,,,0,,,,,,,,,,,,,,,,,,,,,,,,2,,,,,,,
2008_09,13934,,,,,,,,,,,,,,,,,,,0,,,,0,,,,,,,,,,,,,,,,,,,,,,,,1,,,,,,,
2008_08,13927,,,,,,,,,,,,,,,,,,,0,2,,,0,,,,,,,,,,,,,,,,,,,,,,,,0,,,,,,,
2008_07,13920,,,,,,,,,,,,,,,,,,,0,,,,1,,,,,,,,,,,,,,,,,,,,,,,,2,,,,,,,
2008_06,13913,,,,,,,,,,,,,,,,,,,0,,,,,,,,,,,,,,,,,,,,,,,,,,,,,,,,,,,
2008_05,13906,,,,,,,,,,,,,,,,,,,0,,,,,,,,,,,,,,,,,,,,,,,,,,,,,,,,,,,
2008_04,13899,,,,,,,,,,,,,,,,,,,,,,,,,,,,,,,,,,,,,,,,,,,,,,,,,,,,,,
2008_03,13892,,,,,,,,,,,,,,,,,,,,,,,,,,,,,,,,,,,,,,,,,,,,,,,,,,,,,,
2008_02,13885,,,,,,,,,,,,,,,,,,,,,,,,,,,,,,,,,,,,,,,,,,,,,,,,,,,,,,
2008_01,13878,,,,,,,,,,,,,,,,,,,,,,,,,,,,,,,,,,,,,,,,,,,,,,,,,,,,,,
2007_52,13871,,,,,,,,,,,,,,,,,,,,,,,,,,,,,,,,,,,,,,,,,,,,,,,,,,,,,,
2007_51,13864,,,,,,,,,,,,,,,,,,,,,,,,,,,,,,,,,,,,,,,,,,,,,,,,,,,,,,
2007_50,13857,,,,,,,,,,,,,,,,,,,0,,,,,,,,,,,,,,,,,,,,,,,,,,,,,,,,,,,
2007_49,13850,,,,,,,,,,,,,,,,,,,,,,,,,,,,,,,,,,,,,,,,,,,,,,,,,,,,,,
2007_48,13843,,,,,,,,,,,,,,,,,,,,,,,,,,,,,,,,,,,,,,,,,,,,,,,,,,,,,,
2007_47,13836,,,,,,,,,,,,,,,,,,,,,,,,,,,,,,,,,,,,,,,,,,,,,,,,,,,,,,
2007_46,13829,,,,,,,,,,,,,,,,,,,,,,,,,,,,,,,,,,,,,,,,,,,,,,,,,,,,,,
2007_45,13822,,,,,,,,,,,,,,,,,,,,,,,,,,,,,,,,,,,,,,,,,,,,,,,,,,,,,,
2007_44,13815,,,,,,,,,,,,,,,,,,,,,,,,,,,,,,,,,,,,,,,,,,,,,,,,,,,,,,
2007_43,13808,,,,,,,,,,,,,,,,,,,,,,,,,,,,,,,,,,,,,,,,,,,,,,,,,,,,,,
2007_42,13801,,,,,,,,,,,,,,,,,,,,,,,,,,,,,,,,,,,,,,,,,,,,,,,,,,,,,,
2007_41,13794,,,,,,,,,,,,,,,,,,,,,,,,,,,,,,,,,,,,,,,,,,,,,,,,,,,,,,
2007_40,13787,,,,,,,,,,,,,,,,,,,,,,,,,,,,,,,,,,,,,,,,,,,,,,,,,,,,,,
2007_39,13780,,,,,,,,,,,,,,,,,,,,,,,,,,,,,,,,,,,,,,,,,,,,,,,,,,,,,,
2007_38,13773,,,,,,,,,,,,,,,,,,,,,,,,,,,,,,,,,,,,,,,,,,,,,,,,,,,,,,
2007_37,13766,,,,,,,,,,,,,,,,,,,,,,,,,,,,,,,,,,,,,,,,,,,,,,,,,,,,,,
2007_36,13759,,,,,,,,,,,,,,,,,,,,,,,,,,,,,,,,,,,,,,,,,,,,,,,,,,,,,,
2007_35,13752,,,,,,,,,,,,,,,,,,,,,,,,,,,,,,,,,,,,,,,,,,,,,,,,,,,,,,
2007_34,13745,,,,,,,,,,,,,,,,,,,,,,,,,,,,,,,,,,,,,,,,,,,,,,,,,,,,,,
2007_33,13738,,,,,,,,,,,,,,,,,,,,,,,,,,,,,,,,,,,,,,,,,,,,,,,,,,,,,,
2007_32,13731,,,,,,,,,,,,,,,,,,,,,,,,,,,,,,,,,,,,,,,,,,,,,,,,,,,,,,
2007_31,13724,,,,,,,,,,,,,,,,,,,,,,,,,,,,,,,,,,,,,,,,,,,,,,,,,,,,,,
2007_30,13717,,,,,,,,,,,,,,,,,,,,,,,,,,,,,,,,,,,,,,,,,,,,,,,,,,,,,,
2007_29,13710,,,,,,,,,,,,,,,,,,,,,,,,,,,,,,,,,,,,,,,,,,,,,,,,,,,,,,
2007_28,13703,,,,,,,,,,,,,,,,,,,,,,,,,,,,,,,,,,,,,,,,,,,,,,,,,,,,,,
2007_27,13696,,,,,,,,,,,,,,,,,,,,,,,,,,,,,,,,,,,,,,,,,,,,,,,,,,,,,,
2007_26,13689,,,,,,,,,,,,,,,,,,,,,,,,,,,,,,,,,,,,,,,,,,,,,,,,,,,,,,
2007_25,13682,,,,,,,,,,,,,,,,,,,,,,,,,,,,,,,,,,,,,,,,,,,,,,,,,,,,,,
2007_24,13675,,,,,,,,,,,,,,,,,,,,,,,,,,,,,,,,,,,,,,,,,,,,,,,,,,,,,,
2007_23,13668,,,,,,,,,,,,,,,,,,,,,,,,,,,,,,,,,,,,,,,,,,,,,,,,,,,,,,
2007_22,13661,,,,,,,,,,,,,,,,,,,,,,,,,,,,,,,,,,,,,,,,,,,,,,,,,,,,,,
2007_21,13654,,,,,,,,,,,,,,,,,,,,,,,,,,,,,,,,,,,,,,,,,,,,,,,,,,,,,,
2007_20,13647,,,,,,,,,,,,,,,,,,,,,,,,,,,,,,,,,,,,,,,,,,,,,,,,,,,,,,
2007_19,13640,,,,,,,,,,,,,,,,,,,,,,,,,,,,,,,,,,,,,,,,,,,,,,,,,,,,,,
2007_18,13633,,,,,,,,,,,,,,,,,,,,,,,,,,,,,,,,,,,,,,,,,,,,,,,,,,,,,,
2007_17,13626,,,,,,,,,,,,,,,,,,,,,,,,,,,,,,,,,,,,,,,,,,,,,,,,,,,,,,
2007_16,13619,,,,,,,,,,,,,,,,,,,,,,,,,,,,,,,,,,,,,,,,,,,,,,,,,,,,,,
2007_15,13612,,,,,,,,,,,,,,,,,,,,,,,,,,,,,,,,,,,,,,,,,,,,,,,,,,,,,,
